0 info it worked if it ends with ok
1 verbose cli [
1 verbose cli   'C:\\Program Files\\nodejs\\node.exe',
1 verbose cli   "D:\\VS Code\\Kantle's Portfolio\\node_modules\\npm\\bin\\npm-cli.js",
1 verbose cli   'install',
1 verbose cli   'caniuse-lite',
1 verbose cli   'baseline-browser-mapping'
1 verbose cli ]
2 info using npm@2.15.12
3 info using node@v22.14.0
4 verbose install initial load of D:\VS Code\Kantle's Portfolio\package.json
5 warn package.json rest-express@1.0.0 No repository field.
6 verbose installManyTop reading scoped package data from D:\VS Code\Kantle's Portfolio\node_modules\accepts\package.json
7 verbose installManyTop reading scoped package data from D:\VS Code\Kantle's Portfolio\node_modules\ansi-regex\package.json
8 verbose installManyTop reading scoped package data from D:\VS Code\Kantle's Portfolio\node_modules\ansi-styles\package.json
9 verbose installManyTop reading scoped package data from D:\VS Code\Kantle's Portfolio\node_modules\any-promise\package.json
10 verbose installManyTop reading scoped package data from D:\VS Code\Kantle's Portfolio\node_modules\anymatch\package.json
11 verbose installManyTop reading scoped package data from D:\VS Code\Kantle's Portfolio\node_modules\arg\package.json
12 verbose installManyTop reading scoped package data from D:\VS Code\Kantle's Portfolio\node_modules\aria-hidden\package.json
13 verbose installManyTop reading scoped package data from D:\VS Code\Kantle's Portfolio\node_modules\array-flatten\package.json
14 verbose installManyTop reading scoped package data from D:\VS Code\Kantle's Portfolio\node_modules\autoprefixer\package.json
15 verbose installManyTop reading scoped package data from D:\VS Code\Kantle's Portfolio\node_modules\balanced-match\package.json
16 verbose installManyTop reading scoped package data from D:\VS Code\Kantle's Portfolio\node_modules\binary-extensions\package.json
17 verbose installManyTop reading scoped package data from D:\VS Code\Kantle's Portfolio\node_modules\body-parser\package.json
18 verbose installManyTop reading scoped package data from D:\VS Code\Kantle's Portfolio\node_modules\brace-expansion\package.json
19 verbose installManyTop reading scoped package data from D:\VS Code\Kantle's Portfolio\node_modules\braces\package.json
20 verbose installManyTop reading scoped package data from D:\VS Code\Kantle's Portfolio\node_modules\browserslist\package.json
21 verbose installManyTop reading scoped package data from D:\VS Code\Kantle's Portfolio\node_modules\buffer-from\package.json
22 verbose installManyTop reading scoped package data from D:\VS Code\Kantle's Portfolio\node_modules\bufferutil\package.json
23 verbose installManyTop reading scoped package data from D:\VS Code\Kantle's Portfolio\node_modules\bytes\package.json
24 verbose installManyTop reading scoped package data from D:\VS Code\Kantle's Portfolio\node_modules\call-bind\package.json
25 verbose installManyTop reading scoped package data from D:\VS Code\Kantle's Portfolio\node_modules\camelcase-css\package.json
26 verbose installManyTop reading scoped package data from D:\VS Code\Kantle's Portfolio\node_modules\caniuse-lite\package.json
27 verbose installManyTop reading scoped package data from D:\VS Code\Kantle's Portfolio\node_modules\chokidar\package.json
28 verbose installManyTop reading scoped package data from D:\VS Code\Kantle's Portfolio\node_modules\class-variance-authority\package.json
29 verbose installManyTop reading scoped package data from D:\VS Code\Kantle's Portfolio\node_modules\clsx\package.json
30 verbose installManyTop reading scoped package data from D:\VS Code\Kantle's Portfolio\node_modules\cmdk\package.json
31 verbose installManyTop reading scoped package data from D:\VS Code\Kantle's Portfolio\node_modules\color-convert\package.json
32 verbose installManyTop reading scoped package data from D:\VS Code\Kantle's Portfolio\node_modules\color-name\package.json
33 verbose installManyTop reading scoped package data from D:\VS Code\Kantle's Portfolio\node_modules\commander\package.json
34 verbose installManyTop reading scoped package data from D:\VS Code\Kantle's Portfolio\node_modules\connect-pg-simple\package.json
35 verbose installManyTop reading scoped package data from D:\VS Code\Kantle's Portfolio\node_modules\content-disposition\package.json
36 verbose installManyTop reading scoped package data from D:\VS Code\Kantle's Portfolio\node_modules\content-type\package.json
37 verbose installManyTop reading scoped package data from D:\VS Code\Kantle's Portfolio\node_modules\convert-source-map\package.json
38 verbose installManyTop reading scoped package data from D:\VS Code\Kantle's Portfolio\node_modules\cookie\package.json
39 verbose installManyTop reading scoped package data from D:\VS Code\Kantle's Portfolio\node_modules\cookie-signature\package.json
40 verbose installManyTop reading scoped package data from D:\VS Code\Kantle's Portfolio\node_modules\cross-env\package.json
41 verbose installManyTop reading scoped package data from D:\VS Code\Kantle's Portfolio\node_modules\cross-spawn\package.json
42 verbose installManyTop reading scoped package data from D:\VS Code\Kantle's Portfolio\node_modules\cssesc\package.json
43 verbose installManyTop reading scoped package data from D:\VS Code\Kantle's Portfolio\node_modules\csstype\package.json
44 verbose installManyTop reading scoped package data from D:\VS Code\Kantle's Portfolio\node_modules\d3-array\package.json
45 verbose installManyTop reading scoped package data from D:\VS Code\Kantle's Portfolio\node_modules\d3-color\package.json
46 verbose installManyTop reading scoped package data from D:\VS Code\Kantle's Portfolio\node_modules\d3-ease\package.json
47 verbose installManyTop reading scoped package data from D:\VS Code\Kantle's Portfolio\node_modules\d3-format\package.json
48 verbose installManyTop reading scoped package data from D:\VS Code\Kantle's Portfolio\node_modules\d3-interpolate\package.json
49 verbose installManyTop reading scoped package data from D:\VS Code\Kantle's Portfolio\node_modules\d3-path\package.json
50 verbose installManyTop reading scoped package data from D:\VS Code\Kantle's Portfolio\node_modules\d3-scale\package.json
51 verbose installManyTop reading scoped package data from D:\VS Code\Kantle's Portfolio\node_modules\d3-shape\package.json
52 verbose installManyTop reading scoped package data from D:\VS Code\Kantle's Portfolio\node_modules\d3-time\package.json
53 verbose installManyTop reading scoped package data from D:\VS Code\Kantle's Portfolio\node_modules\d3-time-format\package.json
54 verbose installManyTop reading scoped package data from D:\VS Code\Kantle's Portfolio\node_modules\d3-timer\package.json
55 verbose installManyTop reading scoped package data from D:\VS Code\Kantle's Portfolio\node_modules\date-fns\package.json
56 verbose installManyTop reading scoped package data from D:\VS Code\Kantle's Portfolio\node_modules\debug\package.json
57 verbose installManyTop reading scoped package data from D:\VS Code\Kantle's Portfolio\node_modules\decimal.js-light\package.json
58 verbose installManyTop reading scoped package data from D:\VS Code\Kantle's Portfolio\node_modules\define-data-property\package.json
59 verbose installManyTop reading scoped package data from D:\VS Code\Kantle's Portfolio\node_modules\depd\package.json
60 verbose installManyTop reading scoped package data from D:\VS Code\Kantle's Portfolio\node_modules\destroy\package.json
61 verbose installManyTop reading scoped package data from D:\VS Code\Kantle's Portfolio\node_modules\detect-libc\package.json
62 verbose installManyTop reading scoped package data from D:\VS Code\Kantle's Portfolio\node_modules\detect-node-es\package.json
63 verbose installManyTop reading scoped package data from D:\VS Code\Kantle's Portfolio\node_modules\didyoumean\package.json
64 verbose installManyTop reading scoped package data from D:\VS Code\Kantle's Portfolio\node_modules\dlv\package.json
65 verbose installManyTop reading scoped package data from D:\VS Code\Kantle's Portfolio\node_modules\dom-helpers\package.json
66 verbose installManyTop reading scoped package data from D:\VS Code\Kantle's Portfolio\node_modules\drizzle-kit\package.json
67 verbose installManyTop reading scoped package data from D:\VS Code\Kantle's Portfolio\node_modules\drizzle-orm\package.json
68 verbose installManyTop reading scoped package data from D:\VS Code\Kantle's Portfolio\node_modules\drizzle-zod\package.json
69 verbose installManyTop reading scoped package data from D:\VS Code\Kantle's Portfolio\node_modules\eastasianwidth\package.json
70 verbose installManyTop reading scoped package data from D:\VS Code\Kantle's Portfolio\node_modules\ee-first\package.json
71 verbose installManyTop reading scoped package data from D:\VS Code\Kantle's Portfolio\node_modules\electron-to-chromium\package.json
72 verbose installManyTop reading scoped package data from D:\VS Code\Kantle's Portfolio\node_modules\embla-carousel\package.json
73 verbose installManyTop reading scoped package data from D:\VS Code\Kantle's Portfolio\node_modules\embla-carousel-react\package.json
74 verbose installManyTop reading scoped package data from D:\VS Code\Kantle's Portfolio\node_modules\embla-carousel-reactive-utils\package.json
75 verbose installManyTop reading scoped package data from D:\VS Code\Kantle's Portfolio\node_modules\emoji-regex\package.json
76 verbose installManyTop reading scoped package data from D:\VS Code\Kantle's Portfolio\node_modules\encodeurl\package.json
77 verbose installManyTop reading scoped package data from D:\VS Code\Kantle's Portfolio\node_modules\enhanced-resolve\package.json
78 verbose installManyTop reading scoped package data from D:\VS Code\Kantle's Portfolio\node_modules\es-define-property\package.json
79 verbose installManyTop reading scoped package data from D:\VS Code\Kantle's Portfolio\node_modules\es-errors\package.json
80 verbose installManyTop reading scoped package data from D:\VS Code\Kantle's Portfolio\node_modules\esbuild\package.json
81 verbose installManyTop reading scoped package data from D:\VS Code\Kantle's Portfolio\node_modules\esbuild-register\package.json
82 verbose installManyTop reading scoped package data from D:\VS Code\Kantle's Portfolio\node_modules\escalade\package.json
83 verbose installManyTop reading scoped package data from D:\VS Code\Kantle's Portfolio\node_modules\escape-html\package.json
84 verbose installManyTop reading scoped package data from D:\VS Code\Kantle's Portfolio\node_modules\etag\package.json
85 verbose installManyTop reading scoped package data from D:\VS Code\Kantle's Portfolio\node_modules\eventemitter3\package.json
86 verbose installManyTop reading scoped package data from D:\VS Code\Kantle's Portfolio\node_modules\express\package.json
87 verbose installManyTop reading scoped package data from D:\VS Code\Kantle's Portfolio\node_modules\express-session\package.json
88 verbose installManyTop reading scoped package data from D:\VS Code\Kantle's Portfolio\node_modules\fast-equals\package.json
89 verbose installManyTop reading scoped package data from D:\VS Code\Kantle's Portfolio\node_modules\fast-glob\package.json
90 verbose installManyTop reading scoped package data from D:\VS Code\Kantle's Portfolio\node_modules\fastq\package.json
91 verbose installManyTop reading scoped package data from D:\VS Code\Kantle's Portfolio\node_modules\fill-range\package.json
92 verbose installManyTop reading scoped package data from D:\VS Code\Kantle's Portfolio\node_modules\finalhandler\package.json
93 verbose installManyTop reading scoped package data from D:\VS Code\Kantle's Portfolio\node_modules\foreground-child\package.json
94 verbose installManyTop reading scoped package data from D:\VS Code\Kantle's Portfolio\node_modules\forwarded\package.json
95 verbose installManyTop reading scoped package data from D:\VS Code\Kantle's Portfolio\node_modules\fraction.js\package.json
96 verbose installManyTop reading scoped package data from D:\VS Code\Kantle's Portfolio\node_modules\framer-motion\package.json
97 verbose installManyTop reading scoped package data from D:\VS Code\Kantle's Portfolio\node_modules\fresh\package.json
98 verbose installManyTop reading scoped package data from D:\VS Code\Kantle's Portfolio\node_modules\function-bind\package.json
99 verbose installManyTop reading scoped package data from D:\VS Code\Kantle's Portfolio\node_modules\gensync\package.json
100 verbose installManyTop reading scoped package data from D:\VS Code\Kantle's Portfolio\node_modules\get-intrinsic\package.json
101 verbose installManyTop reading scoped package data from D:\VS Code\Kantle's Portfolio\node_modules\get-nonce\package.json
102 verbose installManyTop reading scoped package data from D:\VS Code\Kantle's Portfolio\node_modules\get-tsconfig\package.json
103 verbose installManyTop reading scoped package data from D:\VS Code\Kantle's Portfolio\node_modules\glob\package.json
104 verbose installManyTop reading scoped package data from D:\VS Code\Kantle's Portfolio\node_modules\glob-parent\package.json
105 verbose installManyTop reading scoped package data from D:\VS Code\Kantle's Portfolio\node_modules\globals\package.json
106 verbose installManyTop reading scoped package data from D:\VS Code\Kantle's Portfolio\node_modules\gopd\package.json
107 verbose installManyTop reading scoped package data from D:\VS Code\Kantle's Portfolio\node_modules\graceful-fs\package.json
108 verbose installManyTop reading scoped package data from D:\VS Code\Kantle's Portfolio\node_modules\has-property-descriptors\package.json
109 verbose installManyTop reading scoped package data from D:\VS Code\Kantle's Portfolio\node_modules\has-proto\package.json
110 verbose installManyTop reading scoped package data from D:\VS Code\Kantle's Portfolio\node_modules\has-symbols\package.json
111 verbose installManyTop reading scoped package data from D:\VS Code\Kantle's Portfolio\node_modules\hasown\package.json
112 verbose installManyTop reading scoped package data from D:\VS Code\Kantle's Portfolio\node_modules\http-errors\package.json
113 verbose installManyTop reading scoped package data from D:\VS Code\Kantle's Portfolio\node_modules\iconv-lite\package.json
114 verbose installManyTop reading scoped package data from D:\VS Code\Kantle's Portfolio\node_modules\inherits\package.json
115 verbose installManyTop reading scoped package data from D:\VS Code\Kantle's Portfolio\node_modules\input-otp\package.json
116 verbose installManyTop reading scoped package data from D:\VS Code\Kantle's Portfolio\node_modules\internmap\package.json
117 verbose installManyTop reading scoped package data from D:\VS Code\Kantle's Portfolio\node_modules\ipaddr.js\package.json
118 verbose installManyTop reading scoped package data from D:\VS Code\Kantle's Portfolio\node_modules\is-binary-path\package.json
119 verbose installManyTop reading scoped package data from D:\VS Code\Kantle's Portfolio\node_modules\is-core-module\package.json
120 verbose installManyTop reading scoped package data from D:\VS Code\Kantle's Portfolio\node_modules\is-extglob\package.json
121 verbose installManyTop reading scoped package data from D:\VS Code\Kantle's Portfolio\node_modules\is-fullwidth-code-point\package.json
122 verbose installManyTop reading scoped package data from D:\VS Code\Kantle's Portfolio\node_modules\is-glob\package.json
123 verbose installManyTop reading scoped package data from D:\VS Code\Kantle's Portfolio\node_modules\is-number\package.json
124 verbose installManyTop reading scoped package data from D:\VS Code\Kantle's Portfolio\node_modules\isexe\package.json
125 verbose installManyTop reading scoped package data from D:\VS Code\Kantle's Portfolio\node_modules\jackspeak\package.json
126 verbose installManyTop reading scoped package data from D:\VS Code\Kantle's Portfolio\node_modules\jiti\package.json
127 verbose installManyTop reading scoped package data from D:\VS Code\Kantle's Portfolio\node_modules\js-tokens\package.json
128 verbose installManyTop reading scoped package data from D:\VS Code\Kantle's Portfolio\node_modules\jsesc\package.json
129 verbose installManyTop reading scoped package data from D:\VS Code\Kantle's Portfolio\node_modules\json5\package.json
130 verbose installManyTop reading scoped package data from D:\VS Code\Kantle's Portfolio\node_modules\latest\package.json
131 verbose installManyTop reading scoped package data from D:\VS Code\Kantle's Portfolio\node_modules\lightningcss\package.json
132 verbose installManyTop reading scoped package data from D:\VS Code\Kantle's Portfolio\node_modules\lightningcss-win32-x64-msvc\package.json
133 verbose installManyTop reading scoped package data from D:\VS Code\Kantle's Portfolio\node_modules\lilconfig\package.json
134 verbose installManyTop reading scoped package data from D:\VS Code\Kantle's Portfolio\node_modules\lines-and-columns\package.json
135 verbose installManyTop reading scoped package data from D:\VS Code\Kantle's Portfolio\node_modules\lodash\package.json
136 verbose installManyTop reading scoped package data from D:\VS Code\Kantle's Portfolio\node_modules\lodash.castarray\package.json
137 verbose installManyTop reading scoped package data from D:\VS Code\Kantle's Portfolio\node_modules\lodash.isplainobject\package.json
138 verbose installManyTop reading scoped package data from D:\VS Code\Kantle's Portfolio\node_modules\lodash.merge\package.json
139 verbose installManyTop reading scoped package data from D:\VS Code\Kantle's Portfolio\node_modules\loose-envify\package.json
140 verbose installManyTop reading scoped package data from D:\VS Code\Kantle's Portfolio\node_modules\lru-cache\package.json
141 verbose installManyTop reading scoped package data from D:\VS Code\Kantle's Portfolio\node_modules\lucide-react\package.json
142 verbose installManyTop reading scoped package data from D:\VS Code\Kantle's Portfolio\node_modules\magic-string\package.json
143 verbose installManyTop reading scoped package data from D:\VS Code\Kantle's Portfolio\node_modules\media-typer\package.json
144 verbose installManyTop reading scoped package data from D:\VS Code\Kantle's Portfolio\node_modules\memorystore\package.json
145 verbose installManyTop reading scoped package data from D:\VS Code\Kantle's Portfolio\node_modules\merge-descriptors\package.json
146 verbose installManyTop reading scoped package data from D:\VS Code\Kantle's Portfolio\node_modules\merge2\package.json
147 verbose installManyTop reading scoped package data from D:\VS Code\Kantle's Portfolio\node_modules\methods\package.json
148 verbose installManyTop reading scoped package data from D:\VS Code\Kantle's Portfolio\node_modules\micromatch\package.json
149 verbose installManyTop reading scoped package data from D:\VS Code\Kantle's Portfolio\node_modules\mime\package.json
150 verbose installManyTop reading scoped package data from D:\VS Code\Kantle's Portfolio\node_modules\mime-db\package.json
151 verbose installManyTop reading scoped package data from D:\VS Code\Kantle's Portfolio\node_modules\mime-types\package.json
152 verbose installManyTop reading scoped package data from D:\VS Code\Kantle's Portfolio\node_modules\minimatch\package.json
153 verbose installManyTop reading scoped package data from D:\VS Code\Kantle's Portfolio\node_modules\minipass\package.json
154 verbose installManyTop reading scoped package data from D:\VS Code\Kantle's Portfolio\node_modules\mitt\package.json
155 verbose installManyTop reading scoped package data from D:\VS Code\Kantle's Portfolio\node_modules\modern-screenshot\package.json
156 verbose installManyTop reading scoped package data from D:\VS Code\Kantle's Portfolio\node_modules\motion-dom\package.json
157 verbose installManyTop reading scoped package data from D:\VS Code\Kantle's Portfolio\node_modules\motion-utils\package.json
158 verbose installManyTop reading scoped package data from D:\VS Code\Kantle's Portfolio\node_modules\ms\package.json
159 verbose installManyTop reading scoped package data from D:\VS Code\Kantle's Portfolio\node_modules\mz\package.json
160 verbose installManyTop reading scoped package data from D:\VS Code\Kantle's Portfolio\node_modules\nanoid\package.json
161 verbose installManyTop reading scoped package data from D:\VS Code\Kantle's Portfolio\node_modules\negotiator\package.json
162 verbose installManyTop reading scoped package data from D:\VS Code\Kantle's Portfolio\node_modules\next-themes\package.json
163 verbose installManyTop reading scoped package data from D:\VS Code\Kantle's Portfolio\node_modules\node-gyp-build\package.json
164 verbose installManyTop reading scoped package data from D:\VS Code\Kantle's Portfolio\node_modules\node-releases\package.json
165 verbose installManyTop reading scoped package data from D:\VS Code\Kantle's Portfolio\node_modules\normalize-path\package.json
166 verbose installManyTop reading scoped package data from D:\VS Code\Kantle's Portfolio\node_modules\normalize-range\package.json
167 verbose installManyTop reading scoped package data from D:\VS Code\Kantle's Portfolio\node_modules\npm\package.json
168 verbose installManyTop reading scoped package data from D:\VS Code\Kantle's Portfolio\node_modules\object-assign\package.json
169 verbose installManyTop reading scoped package data from D:\VS Code\Kantle's Portfolio\node_modules\object-hash\package.json
170 verbose installManyTop reading scoped package data from D:\VS Code\Kantle's Portfolio\node_modules\object-inspect\package.json
171 verbose installManyTop reading scoped package data from D:\VS Code\Kantle's Portfolio\node_modules\obuf\package.json
172 verbose installManyTop reading scoped package data from D:\VS Code\Kantle's Portfolio\node_modules\on-finished\package.json
173 verbose installManyTop reading scoped package data from D:\VS Code\Kantle's Portfolio\node_modules\on-headers\package.json
174 verbose installManyTop reading scoped package data from D:\VS Code\Kantle's Portfolio\node_modules\package-json-from-dist\package.json
175 verbose installManyTop reading scoped package data from D:\VS Code\Kantle's Portfolio\node_modules\parseurl\package.json
176 verbose installManyTop reading scoped package data from D:\VS Code\Kantle's Portfolio\node_modules\passport\package.json
177 verbose installManyTop reading scoped package data from D:\VS Code\Kantle's Portfolio\node_modules\passport-local\package.json
178 verbose installManyTop reading scoped package data from D:\VS Code\Kantle's Portfolio\node_modules\passport-strategy\package.json
179 verbose installManyTop reading scoped package data from D:\VS Code\Kantle's Portfolio\node_modules\path-key\package.json
180 verbose installManyTop reading scoped package data from D:\VS Code\Kantle's Portfolio\node_modules\path-parse\package.json
181 verbose installManyTop reading scoped package data from D:\VS Code\Kantle's Portfolio\node_modules\path-scurry\package.json
182 verbose installManyTop reading scoped package data from D:\VS Code\Kantle's Portfolio\node_modules\path-to-regexp\package.json
183 verbose installManyTop reading scoped package data from D:\VS Code\Kantle's Portfolio\node_modules\pause\package.json
184 verbose installManyTop reading scoped package data from D:\VS Code\Kantle's Portfolio\node_modules\pg\package.json
185 verbose installManyTop reading scoped package data from D:\VS Code\Kantle's Portfolio\node_modules\pg-cloudflare\package.json
186 verbose installManyTop reading scoped package data from D:\VS Code\Kantle's Portfolio\node_modules\pg-connection-string\package.json
187 verbose installManyTop reading scoped package data from D:\VS Code\Kantle's Portfolio\node_modules\pg-int8\package.json
188 verbose installManyTop reading scoped package data from D:\VS Code\Kantle's Portfolio\node_modules\pg-numeric\package.json
189 verbose installManyTop reading scoped package data from D:\VS Code\Kantle's Portfolio\node_modules\pg-pool\package.json
190 verbose installManyTop reading scoped package data from D:\VS Code\Kantle's Portfolio\node_modules\pg-protocol\package.json
191 verbose installManyTop reading scoped package data from D:\VS Code\Kantle's Portfolio\node_modules\pg-types\package.json
192 verbose installManyTop reading scoped package data from D:\VS Code\Kantle's Portfolio\node_modules\pgpass\package.json
193 verbose installManyTop reading scoped package data from D:\VS Code\Kantle's Portfolio\node_modules\picocolors\package.json
194 verbose installManyTop reading scoped package data from D:\VS Code\Kantle's Portfolio\node_modules\picomatch\package.json
195 verbose installManyTop reading scoped package data from D:\VS Code\Kantle's Portfolio\node_modules\pify\package.json
196 verbose installManyTop reading scoped package data from D:\VS Code\Kantle's Portfolio\node_modules\pirates\package.json
197 verbose installManyTop reading scoped package data from D:\VS Code\Kantle's Portfolio\node_modules\postcss\package.json
198 verbose installManyTop reading scoped package data from D:\VS Code\Kantle's Portfolio\node_modules\postcss-import\package.json
199 verbose installManyTop reading scoped package data from D:\VS Code\Kantle's Portfolio\node_modules\postcss-js\package.json
200 verbose installManyTop reading scoped package data from D:\VS Code\Kantle's Portfolio\node_modules\postcss-load-config\package.json
201 verbose installManyTop reading scoped package data from D:\VS Code\Kantle's Portfolio\node_modules\postcss-nested\package.json
202 verbose installManyTop reading scoped package data from D:\VS Code\Kantle's Portfolio\node_modules\postcss-selector-parser\package.json
203 verbose installManyTop reading scoped package data from D:\VS Code\Kantle's Portfolio\node_modules\postcss-value-parser\package.json
204 verbose installManyTop reading scoped package data from D:\VS Code\Kantle's Portfolio\node_modules\postgres-array\package.json
205 verbose installManyTop reading scoped package data from D:\VS Code\Kantle's Portfolio\node_modules\postgres-bytea\package.json
206 verbose installManyTop reading scoped package data from D:\VS Code\Kantle's Portfolio\node_modules\postgres-date\package.json
207 verbose installManyTop reading scoped package data from D:\VS Code\Kantle's Portfolio\node_modules\postgres-interval\package.json
208 verbose installManyTop reading scoped package data from D:\VS Code\Kantle's Portfolio\node_modules\postgres-range\package.json
209 verbose installManyTop reading scoped package data from D:\VS Code\Kantle's Portfolio\node_modules\prop-types\package.json
210 verbose installManyTop reading scoped package data from D:\VS Code\Kantle's Portfolio\node_modules\proxy-addr\package.json
211 verbose installManyTop reading scoped package data from D:\VS Code\Kantle's Portfolio\node_modules\pseudomap\package.json
212 verbose installManyTop reading scoped package data from D:\VS Code\Kantle's Portfolio\node_modules\qs\package.json
213 verbose installManyTop reading scoped package data from D:\VS Code\Kantle's Portfolio\node_modules\queue-microtask\package.json
214 verbose installManyTop reading scoped package data from D:\VS Code\Kantle's Portfolio\node_modules\random-bytes\package.json
215 verbose installManyTop reading scoped package data from D:\VS Code\Kantle's Portfolio\node_modules\range-parser\package.json
216 verbose installManyTop reading scoped package data from D:\VS Code\Kantle's Portfolio\node_modules\raw-body\package.json
217 verbose installManyTop reading scoped package data from D:\VS Code\Kantle's Portfolio\node_modules\react\package.json
218 verbose installManyTop reading scoped package data from D:\VS Code\Kantle's Portfolio\node_modules\react-day-picker\package.json
219 verbose installManyTop reading scoped package data from D:\VS Code\Kantle's Portfolio\node_modules\react-dom\package.json
220 verbose installManyTop reading scoped package data from D:\VS Code\Kantle's Portfolio\node_modules\react-hook-form\package.json
221 verbose installManyTop reading scoped package data from D:\VS Code\Kantle's Portfolio\node_modules\react-icons\package.json
222 verbose installManyTop reading scoped package data from D:\VS Code\Kantle's Portfolio\node_modules\react-is\package.json
223 verbose installManyTop reading scoped package data from D:\VS Code\Kantle's Portfolio\node_modules\react-refresh\package.json
224 verbose installManyTop reading scoped package data from D:\VS Code\Kantle's Portfolio\node_modules\react-remove-scroll\package.json
225 verbose installManyTop reading scoped package data from D:\VS Code\Kantle's Portfolio\node_modules\react-remove-scroll-bar\package.json
226 verbose installManyTop reading scoped package data from D:\VS Code\Kantle's Portfolio\node_modules\react-resizable-panels\package.json
227 verbose installManyTop reading scoped package data from D:\VS Code\Kantle's Portfolio\node_modules\react-router\package.json
228 verbose installManyTop reading scoped package data from D:\VS Code\Kantle's Portfolio\node_modules\react-router-dom\package.json
229 verbose installManyTop reading scoped package data from D:\VS Code\Kantle's Portfolio\node_modules\react-smooth\package.json
230 verbose installManyTop reading scoped package data from D:\VS Code\Kantle's Portfolio\node_modules\react-style-singleton\package.json
231 verbose installManyTop reading scoped package data from D:\VS Code\Kantle's Portfolio\node_modules\react-transition-group\package.json
232 verbose installManyTop reading scoped package data from D:\VS Code\Kantle's Portfolio\node_modules\read-cache\package.json
233 verbose installManyTop reading scoped package data from D:\VS Code\Kantle's Portfolio\node_modules\readdirp\package.json
234 verbose installManyTop reading scoped package data from D:\VS Code\Kantle's Portfolio\node_modules\recharts\package.json
235 verbose installManyTop reading scoped package data from D:\VS Code\Kantle's Portfolio\node_modules\recharts-scale\package.json
236 verbose installManyTop reading scoped package data from D:\VS Code\Kantle's Portfolio\node_modules\regenerator-runtime\package.json
237 verbose installManyTop reading scoped package data from D:\VS Code\Kantle's Portfolio\node_modules\regexparam\package.json
238 verbose installManyTop reading scoped package data from D:\VS Code\Kantle's Portfolio\node_modules\resolve\package.json
239 verbose installManyTop reading scoped package data from D:\VS Code\Kantle's Portfolio\node_modules\resolve-pkg-maps\package.json
240 verbose installManyTop reading scoped package data from D:\VS Code\Kantle's Portfolio\node_modules\reusify\package.json
241 verbose installManyTop reading scoped package data from D:\VS Code\Kantle's Portfolio\node_modules\rollup\package.json
242 verbose installManyTop reading scoped package data from D:\VS Code\Kantle's Portfolio\node_modules\run-parallel\package.json
243 verbose installManyTop reading scoped package data from D:\VS Code\Kantle's Portfolio\node_modules\safe-buffer\package.json
244 verbose installManyTop reading scoped package data from D:\VS Code\Kantle's Portfolio\node_modules\safer-buffer\package.json
245 verbose installManyTop reading scoped package data from D:\VS Code\Kantle's Portfolio\node_modules\scheduler\package.json
246 verbose installManyTop reading scoped package data from D:\VS Code\Kantle's Portfolio\node_modules\semver\package.json
247 verbose installManyTop reading scoped package data from D:\VS Code\Kantle's Portfolio\node_modules\send\package.json
248 verbose installManyTop reading scoped package data from D:\VS Code\Kantle's Portfolio\node_modules\serve-static\package.json
249 verbose installManyTop reading scoped package data from D:\VS Code\Kantle's Portfolio\node_modules\set-cookie-parser\package.json
250 verbose installManyTop reading scoped package data from D:\VS Code\Kantle's Portfolio\node_modules\set-function-length\package.json
251 verbose installManyTop reading scoped package data from D:\VS Code\Kantle's Portfolio\node_modules\setprototypeof\package.json
252 verbose installManyTop reading scoped package data from D:\VS Code\Kantle's Portfolio\node_modules\shebang-command\package.json
253 verbose installManyTop reading scoped package data from D:\VS Code\Kantle's Portfolio\node_modules\shebang-regex\package.json
254 verbose installManyTop reading scoped package data from D:\VS Code\Kantle's Portfolio\node_modules\side-channel\package.json
255 verbose installManyTop reading scoped package data from D:\VS Code\Kantle's Portfolio\node_modules\signal-exit\package.json
256 verbose installManyTop reading scoped package data from D:\VS Code\Kantle's Portfolio\node_modules\source-map\package.json
257 verbose installManyTop reading scoped package data from D:\VS Code\Kantle's Portfolio\node_modules\source-map-js\package.json
258 verbose installManyTop reading scoped package data from D:\VS Code\Kantle's Portfolio\node_modules\source-map-support\package.json
259 verbose installManyTop reading scoped package data from D:\VS Code\Kantle's Portfolio\node_modules\split2\package.json
260 verbose installManyTop reading scoped package data from D:\VS Code\Kantle's Portfolio\node_modules\statuses\package.json
261 verbose installManyTop reading scoped package data from D:\VS Code\Kantle's Portfolio\node_modules\string-width\package.json
262 verbose installManyTop reading scoped package data from D:\VS Code\Kantle's Portfolio\node_modules\string-width-cjs\package.json
263 verbose installManyTop reading scoped package data from D:\VS Code\Kantle's Portfolio\node_modules\strip-ansi\package.json
264 verbose installManyTop reading scoped package data from D:\VS Code\Kantle's Portfolio\node_modules\strip-ansi-cjs\package.json
265 verbose installManyTop reading scoped package data from D:\VS Code\Kantle's Portfolio\node_modules\sucrase\package.json
266 verbose installManyTop reading scoped package data from D:\VS Code\Kantle's Portfolio\node_modules\supports-preserve-symlinks-flag\package.json
267 verbose installManyTop reading scoped package data from D:\VS Code\Kantle's Portfolio\node_modules\tailwind-merge\package.json
268 verbose installManyTop reading scoped package data from D:\VS Code\Kantle's Portfolio\node_modules\tailwindcss\package.json
269 verbose installManyTop reading scoped package data from D:\VS Code\Kantle's Portfolio\node_modules\tailwindcss-animate\package.json
270 verbose installManyTop reading scoped package data from D:\VS Code\Kantle's Portfolio\node_modules\tapable\package.json
271 verbose installManyTop reading scoped package data from D:\VS Code\Kantle's Portfolio\node_modules\thenify\package.json
272 verbose installManyTop reading scoped package data from D:\VS Code\Kantle's Portfolio\node_modules\thenify-all\package.json
273 verbose installManyTop reading scoped package data from D:\VS Code\Kantle's Portfolio\node_modules\tiny-invariant\package.json
274 verbose installManyTop reading scoped package data from D:\VS Code\Kantle's Portfolio\node_modules\tinyglobby\package.json
275 verbose installManyTop reading scoped package data from D:\VS Code\Kantle's Portfolio\node_modules\to-regex-range\package.json
276 verbose installManyTop reading scoped package data from D:\VS Code\Kantle's Portfolio\node_modules\toidentifier\package.json
277 verbose installManyTop reading scoped package data from D:\VS Code\Kantle's Portfolio\node_modules\ts-interface-checker\package.json
278 verbose installManyTop reading scoped package data from D:\VS Code\Kantle's Portfolio\node_modules\tslib\package.json
279 verbose installManyTop reading scoped package data from D:\VS Code\Kantle's Portfolio\node_modules\tsx\package.json
280 verbose installManyTop reading scoped package data from D:\VS Code\Kantle's Portfolio\node_modules\tw-animate-css\package.json
281 verbose installManyTop reading scoped package data from D:\VS Code\Kantle's Portfolio\node_modules\type-is\package.json
282 verbose installManyTop reading scoped package data from D:\VS Code\Kantle's Portfolio\node_modules\typescript\package.json
283 verbose installManyTop reading scoped package data from D:\VS Code\Kantle's Portfolio\node_modules\uid-safe\package.json
284 verbose installManyTop reading scoped package data from D:\VS Code\Kantle's Portfolio\node_modules\undici-types\package.json
285 verbose installManyTop reading scoped package data from D:\VS Code\Kantle's Portfolio\node_modules\unpipe\package.json
286 verbose installManyTop reading scoped package data from D:\VS Code\Kantle's Portfolio\node_modules\update-browserslist-db\package.json
287 verbose installManyTop reading scoped package data from D:\VS Code\Kantle's Portfolio\node_modules\use-callback-ref\package.json
288 verbose installManyTop reading scoped package data from D:\VS Code\Kantle's Portfolio\node_modules\use-sidecar\package.json
289 verbose installManyTop reading scoped package data from D:\VS Code\Kantle's Portfolio\node_modules\use-sync-external-store\package.json
290 verbose installManyTop reading scoped package data from D:\VS Code\Kantle's Portfolio\node_modules\util-deprecate\package.json
291 verbose installManyTop reading scoped package data from D:\VS Code\Kantle's Portfolio\node_modules\utils-merge\package.json
292 verbose installManyTop reading scoped package data from D:\VS Code\Kantle's Portfolio\node_modules\vary\package.json
293 verbose installManyTop reading scoped package data from D:\VS Code\Kantle's Portfolio\node_modules\vaul\package.json
294 verbose installManyTop reading scoped package data from D:\VS Code\Kantle's Portfolio\node_modules\victory-vendor\package.json
295 verbose installManyTop reading scoped package data from D:\VS Code\Kantle's Portfolio\node_modules\vite\package.json
296 verbose installManyTop reading scoped package data from D:\VS Code\Kantle's Portfolio\node_modules\which\package.json
297 verbose installManyTop reading scoped package data from D:\VS Code\Kantle's Portfolio\node_modules\wouter\package.json
298 verbose installManyTop reading scoped package data from D:\VS Code\Kantle's Portfolio\node_modules\wrap-ansi\package.json
299 verbose installManyTop reading scoped package data from D:\VS Code\Kantle's Portfolio\node_modules\wrap-ansi-cjs\package.json
300 verbose installManyTop reading scoped package data from D:\VS Code\Kantle's Portfolio\node_modules\ws\package.json
301 verbose installManyTop reading scoped package data from D:\VS Code\Kantle's Portfolio\node_modules\xtend\package.json
302 verbose installManyTop reading scoped package data from D:\VS Code\Kantle's Portfolio\node_modules\yallist\package.json
303 verbose installManyTop reading scoped package data from D:\VS Code\Kantle's Portfolio\node_modules\yaml\package.json
304 verbose installManyTop reading scoped package data from D:\VS Code\Kantle's Portfolio\node_modules\zod\package.json
305 verbose installManyTop reading scoped package data from D:\VS Code\Kantle's Portfolio\node_modules\zod-validation-error\package.json
306 verbose installManyTop reading scoped package data from D:\VS Code\Kantle's Portfolio\node_modules\@alloc\quick-lru\package.json
307 verbose installManyTop reading scoped package data from D:\VS Code\Kantle's Portfolio\node_modules\@drizzle-team\brocli\package.json
308 verbose installManyTop reading scoped package data from D:\VS Code\Kantle's Portfolio\node_modules\@ampproject\remapping\package.json
309 verbose installManyTop reading scoped package data from D:\VS Code\Kantle's Portfolio\node_modules\@babel\code-frame\package.json
310 verbose installManyTop reading scoped package data from D:\VS Code\Kantle's Portfolio\node_modules\@babel\compat-data\package.json
311 verbose installManyTop reading scoped package data from D:\VS Code\Kantle's Portfolio\node_modules\@babel\core\package.json
312 verbose installManyTop reading scoped package data from D:\VS Code\Kantle's Portfolio\node_modules\@babel\generator\package.json
313 verbose installManyTop reading scoped package data from D:\VS Code\Kantle's Portfolio\node_modules\@babel\helper-compilation-targets\package.json
314 verbose installManyTop reading scoped package data from D:\VS Code\Kantle's Portfolio\node_modules\@babel\helper-module-imports\package.json
315 verbose installManyTop reading scoped package data from D:\VS Code\Kantle's Portfolio\node_modules\@babel\helper-module-transforms\package.json
316 verbose installManyTop reading scoped package data from D:\VS Code\Kantle's Portfolio\node_modules\@babel\helper-plugin-utils\package.json
317 verbose installManyTop reading scoped package data from D:\VS Code\Kantle's Portfolio\node_modules\@babel\helper-string-parser\package.json
318 verbose installManyTop reading scoped package data from D:\VS Code\Kantle's Portfolio\node_modules\@babel\helper-validator-identifier\package.json
319 verbose installManyTop reading scoped package data from D:\VS Code\Kantle's Portfolio\node_modules\@babel\helper-validator-option\package.json
320 verbose installManyTop reading scoped package data from D:\VS Code\Kantle's Portfolio\node_modules\@babel\helpers\package.json
321 verbose installManyTop reading scoped package data from D:\VS Code\Kantle's Portfolio\node_modules\@babel\parser\package.json
322 verbose installManyTop reading scoped package data from D:\VS Code\Kantle's Portfolio\node_modules\@babel\plugin-transform-react-jsx-self\package.json
323 verbose installManyTop reading scoped package data from D:\VS Code\Kantle's Portfolio\node_modules\@babel\plugin-transform-react-jsx-source\package.json
324 verbose installManyTop reading scoped package data from D:\VS Code\Kantle's Portfolio\node_modules\@babel\runtime\package.json
325 verbose installManyTop reading scoped package data from D:\VS Code\Kantle's Portfolio\node_modules\@babel\template\package.json
326 verbose installManyTop reading scoped package data from D:\VS Code\Kantle's Portfolio\node_modules\@babel\traverse\package.json
327 verbose installManyTop reading scoped package data from D:\VS Code\Kantle's Portfolio\node_modules\@babel\types\package.json
328 verbose installManyTop reading scoped package data from D:\VS Code\Kantle's Portfolio\node_modules\@esbuild\win32-x64\package.json
329 verbose installManyTop reading scoped package data from D:\VS Code\Kantle's Portfolio\node_modules\@esbuild-kit\core-utils\package.json
330 verbose installManyTop reading scoped package data from D:\VS Code\Kantle's Portfolio\node_modules\@esbuild-kit\esm-loader\package.json
331 verbose installManyTop reading scoped package data from D:\VS Code\Kantle's Portfolio\node_modules\@hookform\resolvers\package.json
332 verbose installManyTop reading scoped package data from D:\VS Code\Kantle's Portfolio\node_modules\@floating-ui\core\package.json
333 verbose installManyTop reading scoped package data from D:\VS Code\Kantle's Portfolio\node_modules\@floating-ui\dom\package.json
334 verbose installManyTop reading scoped package data from D:\VS Code\Kantle's Portfolio\node_modules\@floating-ui\react-dom\package.json
335 verbose installManyTop reading scoped package data from D:\VS Code\Kantle's Portfolio\node_modules\@floating-ui\utils\package.json
336 verbose installManyTop reading scoped package data from D:\VS Code\Kantle's Portfolio\node_modules\@iconify\icons-logos\package.json
337 verbose installManyTop reading scoped package data from D:\VS Code\Kantle's Portfolio\node_modules\@iconify\icons-simple-icons\package.json
338 verbose installManyTop reading scoped package data from D:\VS Code\Kantle's Portfolio\node_modules\@iconify\react\package.json
339 verbose installManyTop reading scoped package data from D:\VS Code\Kantle's Portfolio\node_modules\@iconify\types\package.json
340 verbose installManyTop reading scoped package data from D:\VS Code\Kantle's Portfolio\node_modules\@isaacs\cliui\package.json
341 verbose installManyTop reading scoped package data from D:\VS Code\Kantle's Portfolio\node_modules\@jridgewell\gen-mapping\package.json
342 verbose installManyTop reading scoped package data from D:\VS Code\Kantle's Portfolio\node_modules\@jridgewell\resolve-uri\package.json
343 verbose installManyTop reading scoped package data from D:\VS Code\Kantle's Portfolio\node_modules\@jridgewell\set-array\package.json
344 verbose installManyTop reading scoped package data from D:\VS Code\Kantle's Portfolio\node_modules\@jridgewell\sourcemap-codec\package.json
345 verbose installManyTop reading scoped package data from D:\VS Code\Kantle's Portfolio\node_modules\@jridgewell\trace-mapping\package.json
346 verbose installManyTop reading scoped package data from D:\VS Code\Kantle's Portfolio\node_modules\@neondatabase\serverless\package.json
347 verbose installManyTop reading scoped package data from D:\VS Code\Kantle's Portfolio\node_modules\@nodelib\fs.scandir\package.json
348 verbose installManyTop reading scoped package data from D:\VS Code\Kantle's Portfolio\node_modules\@nodelib\fs.stat\package.json
349 verbose installManyTop reading scoped package data from D:\VS Code\Kantle's Portfolio\node_modules\@nodelib\fs.walk\package.json
350 verbose installManyTop reading scoped package data from D:\VS Code\Kantle's Portfolio\node_modules\@pkgjs\parseargs\package.json
351 verbose installManyTop reading scoped package data from D:\VS Code\Kantle's Portfolio\node_modules\@replit\vite-plugin-cartographer\package.json
352 verbose installManyTop reading scoped package data from D:\VS Code\Kantle's Portfolio\node_modules\@replit\vite-plugin-runtime-error-modal\package.json
353 verbose installManyTop reading scoped package data from D:\VS Code\Kantle's Portfolio\node_modules\@radix-ui\number\package.json
354 verbose installManyTop reading scoped package data from D:\VS Code\Kantle's Portfolio\node_modules\@radix-ui\primitive\package.json
355 verbose installManyTop reading scoped package data from D:\VS Code\Kantle's Portfolio\node_modules\@radix-ui\react-accordion\package.json
356 verbose installManyTop reading scoped package data from D:\VS Code\Kantle's Portfolio\node_modules\@radix-ui\react-alert-dialog\package.json
357 verbose installManyTop reading scoped package data from D:\VS Code\Kantle's Portfolio\node_modules\@radix-ui\react-arrow\package.json
358 verbose installManyTop reading scoped package data from D:\VS Code\Kantle's Portfolio\node_modules\@radix-ui\react-aspect-ratio\package.json
359 verbose installManyTop reading scoped package data from D:\VS Code\Kantle's Portfolio\node_modules\@radix-ui\react-avatar\package.json
360 verbose installManyTop reading scoped package data from D:\VS Code\Kantle's Portfolio\node_modules\@radix-ui\react-checkbox\package.json
361 verbose installManyTop reading scoped package data from D:\VS Code\Kantle's Portfolio\node_modules\@radix-ui\react-collapsible\package.json
362 verbose installManyTop reading scoped package data from D:\VS Code\Kantle's Portfolio\node_modules\@radix-ui\react-collection\package.json
363 verbose installManyTop reading scoped package data from D:\VS Code\Kantle's Portfolio\node_modules\@radix-ui\react-compose-refs\package.json
364 verbose installManyTop reading scoped package data from D:\VS Code\Kantle's Portfolio\node_modules\@radix-ui\react-context\package.json
365 verbose installManyTop reading scoped package data from D:\VS Code\Kantle's Portfolio\node_modules\@radix-ui\react-context-menu\package.json
366 verbose installManyTop reading scoped package data from D:\VS Code\Kantle's Portfolio\node_modules\@radix-ui\react-dialog\package.json
367 verbose installManyTop reading scoped package data from D:\VS Code\Kantle's Portfolio\node_modules\@radix-ui\react-direction\package.json
368 verbose installManyTop reading scoped package data from D:\VS Code\Kantle's Portfolio\node_modules\@radix-ui\react-dismissable-layer\package.json
369 verbose installManyTop reading scoped package data from D:\VS Code\Kantle's Portfolio\node_modules\@radix-ui\react-dropdown-menu\package.json
370 verbose installManyTop reading scoped package data from D:\VS Code\Kantle's Portfolio\node_modules\@radix-ui\react-focus-guards\package.json
371 verbose installManyTop reading scoped package data from D:\VS Code\Kantle's Portfolio\node_modules\@radix-ui\react-focus-scope\package.json
372 verbose installManyTop reading scoped package data from D:\VS Code\Kantle's Portfolio\node_modules\@radix-ui\react-hover-card\package.json
373 verbose installManyTop reading scoped package data from D:\VS Code\Kantle's Portfolio\node_modules\@radix-ui\react-id\package.json
374 verbose installManyTop reading scoped package data from D:\VS Code\Kantle's Portfolio\node_modules\@radix-ui\react-label\package.json
375 verbose installManyTop reading scoped package data from D:\VS Code\Kantle's Portfolio\node_modules\@radix-ui\react-menu\package.json
376 verbose installManyTop reading scoped package data from D:\VS Code\Kantle's Portfolio\node_modules\@radix-ui\react-menubar\package.json
377 verbose installManyTop reading scoped package data from D:\VS Code\Kantle's Portfolio\node_modules\@radix-ui\react-navigation-menu\package.json
378 verbose installManyTop reading scoped package data from D:\VS Code\Kantle's Portfolio\node_modules\@radix-ui\react-popover\package.json
379 verbose installManyTop reading scoped package data from D:\VS Code\Kantle's Portfolio\node_modules\@radix-ui\react-popper\package.json
380 verbose installManyTop reading scoped package data from D:\VS Code\Kantle's Portfolio\node_modules\@radix-ui\react-portal\package.json
381 verbose installManyTop reading scoped package data from D:\VS Code\Kantle's Portfolio\node_modules\@radix-ui\react-presence\package.json
382 verbose installManyTop reading scoped package data from D:\VS Code\Kantle's Portfolio\node_modules\@radix-ui\react-primitive\package.json
383 verbose installManyTop reading scoped package data from D:\VS Code\Kantle's Portfolio\node_modules\@radix-ui\react-progress\package.json
384 verbose installManyTop reading scoped package data from D:\VS Code\Kantle's Portfolio\node_modules\@radix-ui\react-radio-group\package.json
385 verbose installManyTop reading scoped package data from D:\VS Code\Kantle's Portfolio\node_modules\@radix-ui\react-roving-focus\package.json
386 verbose installManyTop reading scoped package data from D:\VS Code\Kantle's Portfolio\node_modules\@radix-ui\react-scroll-area\package.json
387 verbose installManyTop reading scoped package data from D:\VS Code\Kantle's Portfolio\node_modules\@radix-ui\react-select\package.json
388 verbose installManyTop reading scoped package data from D:\VS Code\Kantle's Portfolio\node_modules\@radix-ui\react-separator\package.json
389 verbose installManyTop reading scoped package data from D:\VS Code\Kantle's Portfolio\node_modules\@radix-ui\react-slider\package.json
390 verbose installManyTop reading scoped package data from D:\VS Code\Kantle's Portfolio\node_modules\@radix-ui\react-slot\package.json
391 verbose installManyTop reading scoped package data from D:\VS Code\Kantle's Portfolio\node_modules\@radix-ui\react-switch\package.json
392 verbose installManyTop reading scoped package data from D:\VS Code\Kantle's Portfolio\node_modules\@radix-ui\react-tabs\package.json
393 verbose installManyTop reading scoped package data from D:\VS Code\Kantle's Portfolio\node_modules\@radix-ui\react-toast\package.json
394 verbose installManyTop reading scoped package data from D:\VS Code\Kantle's Portfolio\node_modules\@radix-ui\react-toggle\package.json
395 verbose installManyTop reading scoped package data from D:\VS Code\Kantle's Portfolio\node_modules\@radix-ui\react-toggle-group\package.json
396 verbose installManyTop reading scoped package data from D:\VS Code\Kantle's Portfolio\node_modules\@radix-ui\react-tooltip\package.json
397 verbose installManyTop reading scoped package data from D:\VS Code\Kantle's Portfolio\node_modules\@radix-ui\react-use-callback-ref\package.json
398 verbose installManyTop reading scoped package data from D:\VS Code\Kantle's Portfolio\node_modules\@radix-ui\react-use-controllable-state\package.json
399 verbose installManyTop reading scoped package data from D:\VS Code\Kantle's Portfolio\node_modules\@radix-ui\react-use-effect-event\package.json
400 verbose installManyTop reading scoped package data from D:\VS Code\Kantle's Portfolio\node_modules\@radix-ui\react-use-escape-keydown\package.json
401 verbose installManyTop reading scoped package data from D:\VS Code\Kantle's Portfolio\node_modules\@radix-ui\react-use-layout-effect\package.json
402 verbose installManyTop reading scoped package data from D:\VS Code\Kantle's Portfolio\node_modules\@radix-ui\react-use-previous\package.json
403 verbose installManyTop reading scoped package data from D:\VS Code\Kantle's Portfolio\node_modules\@radix-ui\react-use-rect\package.json
404 verbose installManyTop reading scoped package data from D:\VS Code\Kantle's Portfolio\node_modules\@radix-ui\react-use-size\package.json
405 verbose installManyTop reading scoped package data from D:\VS Code\Kantle's Portfolio\node_modules\@radix-ui\react-visually-hidden\package.json
406 verbose installManyTop reading scoped package data from D:\VS Code\Kantle's Portfolio\node_modules\@radix-ui\rect\package.json
407 verbose installManyTop reading scoped package data from D:\VS Code\Kantle's Portfolio\node_modules\@rollup\rollup-win32-x64-gnu\package.json
408 verbose installManyTop reading scoped package data from D:\VS Code\Kantle's Portfolio\node_modules\@rollup\rollup-win32-x64-msvc\package.json
409 verbose installManyTop reading scoped package data from D:\VS Code\Kantle's Portfolio\node_modules\@tailwindcss\node\package.json
410 verbose installManyTop reading scoped package data from D:\VS Code\Kantle's Portfolio\node_modules\@tailwindcss\oxide\package.json
411 verbose installManyTop reading scoped package data from D:\VS Code\Kantle's Portfolio\node_modules\@tailwindcss\oxide-win32-x64-msvc\package.json
412 verbose installManyTop reading scoped package data from D:\VS Code\Kantle's Portfolio\node_modules\@tailwindcss\typography\package.json
413 verbose installManyTop reading scoped package data from D:\VS Code\Kantle's Portfolio\node_modules\@tailwindcss\vite\package.json
414 verbose installManyTop reading scoped package data from D:\VS Code\Kantle's Portfolio\node_modules\@tanstack\query-core\package.json
415 verbose installManyTop reading scoped package data from D:\VS Code\Kantle's Portfolio\node_modules\@tanstack\react-query\package.json
416 verbose installManyTop reading scoped package data from D:\VS Code\Kantle's Portfolio\node_modules\@types\babel__core\package.json
417 verbose installManyTop reading scoped package data from D:\VS Code\Kantle's Portfolio\node_modules\@types\babel__generator\package.json
418 verbose installManyTop reading scoped package data from D:\VS Code\Kantle's Portfolio\node_modules\@types\babel__template\package.json
419 verbose installManyTop reading scoped package data from D:\VS Code\Kantle's Portfolio\node_modules\@types\babel__traverse\package.json
420 verbose installManyTop reading scoped package data from D:\VS Code\Kantle's Portfolio\node_modules\@types\body-parser\package.json
421 verbose installManyTop reading scoped package data from D:\VS Code\Kantle's Portfolio\node_modules\@types\connect\package.json
422 verbose installManyTop reading scoped package data from D:\VS Code\Kantle's Portfolio\node_modules\@types\connect-pg-simple\package.json
423 verbose installManyTop reading scoped package data from D:\VS Code\Kantle's Portfolio\node_modules\@types\d3-array\package.json
424 verbose installManyTop reading scoped package data from D:\VS Code\Kantle's Portfolio\node_modules\@types\d3-color\package.json
425 verbose installManyTop reading scoped package data from D:\VS Code\Kantle's Portfolio\node_modules\@types\d3-ease\package.json
426 verbose installManyTop reading scoped package data from D:\VS Code\Kantle's Portfolio\node_modules\@types\d3-interpolate\package.json
427 verbose installManyTop reading scoped package data from D:\VS Code\Kantle's Portfolio\node_modules\@types\d3-path\package.json
428 verbose installManyTop reading scoped package data from D:\VS Code\Kantle's Portfolio\node_modules\@types\d3-scale\package.json
429 verbose installManyTop reading scoped package data from D:\VS Code\Kantle's Portfolio\node_modules\@types\d3-shape\package.json
430 verbose installManyTop reading scoped package data from D:\VS Code\Kantle's Portfolio\node_modules\@types\d3-time\package.json
431 verbose installManyTop reading scoped package data from D:\VS Code\Kantle's Portfolio\node_modules\@types\d3-timer\package.json
432 verbose installManyTop reading scoped package data from D:\VS Code\Kantle's Portfolio\node_modules\@types\estree\package.json
433 verbose installManyTop reading scoped package data from D:\VS Code\Kantle's Portfolio\node_modules\@types\express\package.json
434 verbose installManyTop reading scoped package data from D:\VS Code\Kantle's Portfolio\node_modules\@types\express-serve-static-core\package.json
435 verbose installManyTop reading scoped package data from D:\VS Code\Kantle's Portfolio\node_modules\@types\express-session\package.json
436 verbose installManyTop reading scoped package data from D:\VS Code\Kantle's Portfolio\node_modules\@types\http-errors\package.json
437 verbose installManyTop reading scoped package data from D:\VS Code\Kantle's Portfolio\node_modules\@types\mime\package.json
438 verbose installManyTop reading scoped package data from D:\VS Code\Kantle's Portfolio\node_modules\@types\node\package.json
439 verbose installManyTop reading scoped package data from D:\VS Code\Kantle's Portfolio\node_modules\@types\passport\package.json
440 verbose installManyTop reading scoped package data from D:\VS Code\Kantle's Portfolio\node_modules\@types\passport-local\package.json
441 verbose installManyTop reading scoped package data from D:\VS Code\Kantle's Portfolio\node_modules\@types\passport-strategy\package.json
442 verbose installManyTop reading scoped package data from D:\VS Code\Kantle's Portfolio\node_modules\@types\pg\package.json
443 verbose installManyTop reading scoped package data from D:\VS Code\Kantle's Portfolio\node_modules\@types\prop-types\package.json
444 verbose installManyTop reading scoped package data from D:\VS Code\Kantle's Portfolio\node_modules\@types\qs\package.json
445 verbose installManyTop reading scoped package data from D:\VS Code\Kantle's Portfolio\node_modules\@types\range-parser\package.json
446 verbose installManyTop reading scoped package data from D:\VS Code\Kantle's Portfolio\node_modules\@types\react\package.json
447 verbose installManyTop reading scoped package data from D:\VS Code\Kantle's Portfolio\node_modules\@types\react-dom\package.json
448 verbose installManyTop reading scoped package data from D:\VS Code\Kantle's Portfolio\node_modules\@types\send\package.json
449 verbose installManyTop reading scoped package data from D:\VS Code\Kantle's Portfolio\node_modules\@types\serve-static\package.json
450 verbose installManyTop reading scoped package data from D:\VS Code\Kantle's Portfolio\node_modules\@types\ws\package.json
451 verbose installManyTop reading scoped package data from D:\VS Code\Kantle's Portfolio\node_modules\@vitejs\plugin-react\package.json
452 verbose installManyTop reading scoped package data from D:\VS Code\Kantle's Portfolio\node_modules\@vercel\analytics\package.json
453 verbose installManyTop reading scoped package data from D:\VS Code\Kantle's Portfolio\node_modules\@vercel\speed-insights\package.json
454 info package.json motion-dom@11.13.0 No description
455 info package.json motion-dom@11.13.0 No repository field.
456 info package.json motion-dom@11.13.0 No README data
457 info package.json motion-dom@11.13.0 No license field.
458 info package.json motion-utils@11.13.0 No description
459 info package.json motion-utils@11.13.0 No repository field.
460 info package.json motion-utils@11.13.0 No README data
461 info package.json motion-utils@11.13.0 No license field.
462 info package.json @replit/vite-plugin-cartographer@0.1.2 No description
463 info package.json @replit/vite-plugin-cartographer@0.1.2 No repository field.
464 info package.json @replit/vite-plugin-cartographer@0.1.2 No README data
465 info package.json @replit/vite-plugin-cartographer@0.1.2 No license field.
466 info package.json @replit/vite-plugin-runtime-error-modal@0.0.3 No description
467 info package.json @replit/vite-plugin-runtime-error-modal@0.0.3 No repository field.
468 info package.json @replit/vite-plugin-runtime-error-modal@0.0.3 No README data
469 info package.json @replit/vite-plugin-runtime-error-modal@0.0.3 No license field.
470 info package.json @tailwindcss/oxide@4.1.3 No description
471 info package.json @tailwindcss/oxide@4.1.3 No README data
472 info package.json @tanstack/query-core@5.60.5 No README data
473 info package.json esbuild-register@3.6.0 No repository field.
474 info package.json jackspeak@3.4.3 license should be a valid SPDX license expression
475 info package.json latest@0.2.0 No license field.
476 info package.json npm@2.15.12 Non-dependency in bundleDependencies: ansi-regex
477 info package.json npm@2.15.12 Non-dependency in bundleDependencies: imurmurhash
478 info package.json passport-strategy@1.0.0 No license field.
479 info package.json path-scurry@1.11.1 license should be a valid SPDX license expression
480 info package.json package-json-from-dist@1.0.1 license should be a valid SPDX license expression
481 info package.json passport-local@1.0.0 No license field.
482 info package.json pause@0.0.1 No repository field.
483 info package.json pause@0.0.1 No license field.
484 info package.json tailwindcss-animate@1.0.7 No repository field.
485 info package.json @iconify/icons-logos@1.2.36 No repository field.
486 info package.json @iconify/icons-simple-icons@1.2.74 No repository field.
487 verbose readDependencies loading dependencies from D:\VS Code\Kantle's Portfolio\package.json
488 verbose install caniuse-lite is installed as 1.0.30001757
489 silly cache add args [ 'caniuse-lite', null ]
490 verbose cache add spec caniuse-lite
491 silly cache add args [ 'baseline-browser-mapping', null ]
492 verbose cache add spec baseline-browser-mapping
493 silly cache add parsed spec Result {
493 silly cache add   raw: 'caniuse-lite',
493 silly cache add   scope: null,
493 silly cache add   name: 'caniuse-lite',
493 silly cache add   rawSpec: '',
493 silly cache add   spec: 'latest',
493 silly cache add   type: 'tag'
493 silly cache add }
494 silly addNamed caniuse-lite@latest
495 verbose addNamed "latest" is being treated as a dist-tag for caniuse-lite
496 info addNameTag [ 'caniuse-lite', 'latest' ]
497 silly mapToRegistry name caniuse-lite
498 silly mapToRegistry using default registry
499 silly mapToRegistry registry https://registry.npmjs.org/
500 silly mapToRegistry data Result {
500 silly mapToRegistry   raw: 'caniuse-lite',
500 silly mapToRegistry   scope: null,
500 silly mapToRegistry   name: 'caniuse-lite',
500 silly mapToRegistry   rawSpec: '',
500 silly mapToRegistry   spec: 'latest',
500 silly mapToRegistry   type: 'tag'
500 silly mapToRegistry }
501 silly mapToRegistry uri https://registry.npmjs.org/caniuse-lite
502 verbose addNameTag registry:https://registry.npmjs.org/caniuse-lite not in flight; fetching
503 silly cache add parsed spec Result {
503 silly cache add   raw: 'baseline-browser-mapping',
503 silly cache add   scope: null,
503 silly cache add   name: 'baseline-browser-mapping',
503 silly cache add   rawSpec: '',
503 silly cache add   spec: 'latest',
503 silly cache add   type: 'tag'
503 silly cache add }
504 silly addNamed baseline-browser-mapping@latest
505 verbose addNamed "latest" is being treated as a dist-tag for baseline-browser-mapping
506 info addNameTag [ 'baseline-browser-mapping', 'latest' ]
507 silly mapToRegistry name baseline-browser-mapping
508 silly mapToRegistry using default registry
509 silly mapToRegistry registry https://registry.npmjs.org/
510 silly mapToRegistry data Result {
510 silly mapToRegistry   raw: 'baseline-browser-mapping',
510 silly mapToRegistry   scope: null,
510 silly mapToRegistry   name: 'baseline-browser-mapping',
510 silly mapToRegistry   rawSpec: '',
510 silly mapToRegistry   spec: 'latest',
510 silly mapToRegistry   type: 'tag'
510 silly mapToRegistry }
511 silly mapToRegistry uri https://registry.npmjs.org/baseline-browser-mapping
512 verbose addNameTag registry:https://registry.npmjs.org/baseline-browser-mapping not in flight; fetching
513 verbose request uri https://registry.npmjs.org/baseline-browser-mapping
514 verbose request no auth needed
515 info attempt registry request try #1 at 10:22:54 am
516 verbose request id da9f05024e7e7af1
517 http request GET https://registry.npmjs.org/baseline-browser-mapping
518 verbose get https://registry.npmjs.org/caniuse-lite not expired, no request
519 silly addNameTag next cb for caniuse-lite with tag latest
520 silly addNamed caniuse-lite@1.0.30001806
521 verbose addNamed "1.0.30001806" is a plain semver version for caniuse-lite
522 silly mapToRegistry name caniuse-lite
523 silly mapToRegistry using default registry
524 silly mapToRegistry registry https://registry.npmjs.org/
525 silly mapToRegistry data Result {
525 silly mapToRegistry   raw: 'caniuse-lite',
525 silly mapToRegistry   scope: null,
525 silly mapToRegistry   name: 'caniuse-lite',
525 silly mapToRegistry   rawSpec: '',
525 silly mapToRegistry   spec: 'latest',
525 silly mapToRegistry   type: 'tag'
525 silly mapToRegistry }
526 silly mapToRegistry uri https://registry.npmjs.org/caniuse-lite
527 verbose addRemoteTarball https://registry.npmjs.org/caniuse-lite/-/caniuse-lite-1.0.30001806.tgz not in flight; adding
528 verbose addRemoteTarball [
528 verbose addRemoteTarball   'https://registry.npmjs.org/caniuse-lite/-/caniuse-lite-1.0.30001806.tgz',
528 verbose addRemoteTarball   '1bc8e502b723fa393455dfbedd5ccec0c29bb74e'
528 verbose addRemoteTarball ]
529 info retry fetch attempt 1 at 10:22:55 am
530 info attempt registry request try #1 at 10:22:55 am
531 http fetch GET https://registry.npmjs.org/caniuse-lite/-/caniuse-lite-1.0.30001806.tgz
532 http 200 https://registry.npmjs.org/baseline-browser-mapping
533 verbose headers {
533 verbose headers   date: 'Thu, 23 Jul 2026 04:52:58 GMT',
533 verbose headers   'content-type': 'application/json',
533 verbose headers   'transfer-encoding': 'chunked',
533 verbose headers   connection: 'keep-alive',
533 verbose headers   'set-cookie': [
533 verbose headers     '__cf_bm=c6MFfszxCor9YaLhd9Ia95TmCCahU7fffEuab70mn_w-1784782378.7454555-1.0.1.1-PP469gJ7VRAOfoSAIZ5MCkmjWtBNT3ahAN.YiJl38866MFfhxlrEEIGq4IDdcJzvdAzEF9.DNrlU8Mzf1lZJ6ZwVPj5THVPII3.G7Srk4cX5n2jiEznSag07rGydgLe_; HttpOnly; SameSite=None; Secure; Path=/; Domain=npmjs.org; Expires=Thu, 23 Jul 2026 05:22:58 GMT',
533 verbose headers     '_cfuvid=T_632Ny62WAosdmgdcjIRfNbGvkHcKtMafc0Cmf4kX8-1784782378.7454555-1.0.1.1-TQGp.RxA0uBiuF_l9pGRHROMPmRmc5qmaC.ToD.Ev8g; HttpOnly; SameSite=None; Secure; Path=/; Domain=npmjs.org'
533 verbose headers   ],
533 verbose headers   'cf-ray': 'a1f8142b29760b22-CJB',
533 verbose headers   'cf-cache-status': 'HIT',
533 verbose headers   'access-control-allow-origin': '*',
533 verbose headers   age: '83',
533 verbose headers   'cache-control': 'public, max-age=300',
533 verbose headers   vary: 'accept-encoding, accept',
533 verbose headers   'last-modified': 'Wed, 22 Jul 2026 15:46:14 GMT',
533 verbose headers   server: 'cloudflare',
533 verbose headers   etag: 'W/"968f0064ea3257fa32b7b2a20975fed0"',
533 verbose headers   'content-encoding': 'gzip'
533 verbose headers }
534 silly get cb [
534 silly get   200,
534 silly get   {
534 silly get     date: 'Thu, 23 Jul 2026 04:52:58 GMT',
534 silly get     'content-type': 'application/json',
534 silly get     'transfer-encoding': 'chunked',
534 silly get     connection: 'keep-alive',
534 silly get     'set-cookie': [
534 silly get       '__cf_bm=c6MFfszxCor9YaLhd9Ia95TmCCahU7fffEuab70mn_w-1784782378.7454555-1.0.1.1-PP469gJ7VRAOfoSAIZ5MCkmjWtBNT3ahAN.YiJl38866MFfhxlrEEIGq4IDdcJzvdAzEF9.DNrlU8Mzf1lZJ6ZwVPj5THVPII3.G7Srk4cX5n2jiEznSag07rGydgLe_; HttpOnly; SameSite=None; Secure; Path=/; Domain=npmjs.org; Expires=Thu, 23 Jul 2026 05:22:58 GMT',
534 silly get       '_cfuvid=T_632Ny62WAosdmgdcjIRfNbGvkHcKtMafc0Cmf4kX8-1784782378.7454555-1.0.1.1-TQGp.RxA0uBiuF_l9pGRHROMPmRmc5qmaC.ToD.Ev8g; HttpOnly; SameSite=None; Secure; Path=/; Domain=npmjs.org'
534 silly get     ],
534 silly get     'cf-ray': 'a1f8142b29760b22-CJB',
534 silly get     'cf-cache-status': 'HIT',
534 silly get     'access-control-allow-origin': '*',
534 silly get     age: '83',
534 silly get     'cache-control': 'public, max-age=300',
534 silly get     vary: 'accept-encoding, accept',
534 silly get     'last-modified': 'Wed, 22 Jul 2026 15:46:14 GMT',
534 silly get     server: 'cloudflare',
534 silly get     etag: 'W/"968f0064ea3257fa32b7b2a20975fed0"',
534 silly get     'content-encoding': 'gzip'
534 silly get   }
534 silly get ]
535 verbose get saving baseline-browser-mapping to C:\Users\ganes\AppData\Local\npm-cache\registry.npmjs.org\baseline-browser-mapping\.cache.json
536 verbose correctMkdir C:\Users\ganes\AppData\Local\npm-cache correctMkdir not in flight; initializing
537 http fetch 200 https://registry.npmjs.org/caniuse-lite/-/caniuse-lite-1.0.30001806.tgz
538 silly addNameTag next cb for baseline-browser-mapping with tag latest
539 silly addNamed baseline-browser-mapping@2.11.1
540 verbose addNamed "2.11.1" is a plain semver version for baseline-browser-mapping
541 silly mapToRegistry name baseline-browser-mapping
542 silly mapToRegistry using default registry
543 silly mapToRegistry registry https://registry.npmjs.org/
544 silly mapToRegistry data Result {
544 silly mapToRegistry   raw: 'baseline-browser-mapping',
544 silly mapToRegistry   scope: null,
544 silly mapToRegistry   name: 'baseline-browser-mapping',
544 silly mapToRegistry   rawSpec: '',
544 silly mapToRegistry   spec: 'latest',
544 silly mapToRegistry   type: 'tag'
544 silly mapToRegistry }
545 silly mapToRegistry uri https://registry.npmjs.org/baseline-browser-mapping
546 verbose addRemoteTarball https://registry.npmjs.org/baseline-browser-mapping/-/baseline-browser-mapping-2.11.1.tgz not in flight; adding
547 verbose addRemoteTarball [
547 verbose addRemoteTarball   'https://registry.npmjs.org/baseline-browser-mapping/-/baseline-browser-mapping-2.11.1.tgz',
547 verbose addRemoteTarball   '390b4714558634093df77add4acca0c5c0c1605e'
547 verbose addRemoteTarball ]
548 info retry fetch attempt 1 at 10:22:55 am
549 info attempt registry request try #1 at 10:22:55 am
550 http fetch GET https://registry.npmjs.org/baseline-browser-mapping/-/baseline-browser-mapping-2.11.1.tgz
551 http fetch 200 https://registry.npmjs.org/baseline-browser-mapping/-/baseline-browser-mapping-2.11.1.tgz
552 silly fetchAndShaCheck shasum 390b4714558634093df77add4acca0c5c0c1605e
553 verbose addTmpTarball C:\Users\ganes\AppData\Local\Temp\npm-6560-03f3c67e\registry.npmjs.org\baseline-browser-mapping\-\baseline-browser-mapping-2.11.1.tgz not in flight; adding
554 verbose addTmpTarball already have metadata; skipping unpack for baseline-browser-mapping@2.11.1
555 verbose correctMkdir C:\Users\ganes\AppData\Local\npm-cache correctMkdir not in flight; initializing
556 silly cache afterAdd baseline-browser-mapping@2.11.1
557 verbose afterAdd C:\Users\ganes\AppData\Local\npm-cache\baseline-browser-mapping\2.11.1\package\package.json not in flight; writing
558 verbose correctMkdir C:\Users\ganes\AppData\Local\npm-cache correctMkdir not in flight; initializing
559 verbose afterAdd C:\Users\ganes\AppData\Local\npm-cache\baseline-browser-mapping\2.11.1\package\package.json written
560 silly fetchAndShaCheck shasum 1bc8e502b723fa393455dfbedd5ccec0c29bb74e
561 verbose addTmpTarball C:\Users\ganes\AppData\Local\Temp\npm-6560-03f3c67e\registry.npmjs.org\caniuse-lite\-\caniuse-lite-1.0.30001806.tgz not in flight; adding
562 verbose addTmpTarball already have metadata; skipping unpack for caniuse-lite@1.0.30001806
563 verbose correctMkdir C:\Users\ganes\AppData\Local\npm-cache correctMkdir not in flight; initializing
564 silly cache afterAdd caniuse-lite@1.0.30001806
565 verbose afterAdd C:\Users\ganes\AppData\Local\npm-cache\caniuse-lite\1.0.30001806\package\package.json not in flight; writing
566 verbose correctMkdir C:\Users\ganes\AppData\Local\npm-cache correctMkdir not in flight; initializing
567 verbose afterAdd C:\Users\ganes\AppData\Local\npm-cache\caniuse-lite\1.0.30001806\package\package.json written
568 silly install resolved [
568 silly install resolved   {
568 silly install resolved     name: 'baseline-browser-mapping',
568 silly install resolved     main: './dist/index.cjs',
568 silly install resolved     version: '2.11.1',
568 silly install resolved     description: 'A library for obtaining browser versions with their maximum supported Baseline feature set and Widely Available status.',
568 silly install resolved     exports: { '.': [Object], './legacy': [Object] },
568 silly install resolved     jsdelivr: './dist/index.js',
568 silly install resolved     types: './dist/index.d.ts',
568 silly install resolved     type: 'module',
568 silly install resolved     bin: { 'baseline-browser-mapping': 'dist/cli.cjs' },
568 silly install resolved     engines: { node: '>=6.0.0' },
568 silly install resolved     scripts: {
568 silly install resolved       'fix-cli-permissions': "output=$(npx baseline-browser-mapping 2>&1); path=$(printf '%s\n" +
568 silly install resolved         `' "$output" | sed -n 's/^.*: \\(.*\\): Permission denied$/\\1/p; t; s/^\\(.*\\): Permission denied$/\\1/p'); if [ -n "$path" ]; then echo "Permission denied for: $path"; echo "Removing $path ..."; rm -rf "$path"; else echo "$output"; fi`,
568 silly install resolved       'test:format': 'npx prettier --check .',
568 silly install resolved       'test:lint': 'npx eslint .',
568 silly install resolved       'test:legacy-test': 'node spec/legacy-tests/legacy-test.cjs; node dist/cli.cjs',
568 silly install resolved       'test:jasmine': 'npx jasmine',
568 silly install resolved       'test:jasmine-browser': 'npx jasmine-browser-runner runSpecs --config ./spec/support/jasmine-browser.js',
568 silly install resolved       test: 'npm run build && npm run fix-cli-permissions && npm run test:format && npm run test:lint && npm run test:jasmine && npm run test:jasmine-browser',
568 silly install resolved       build: 'rm -rf dist; npx prettier . --write; rollup -c; rm -rf ./dist/scripts/expose-data.d.ts ./dist/cli.d.ts',
568 silly install resolved       'refresh-downstream': 'npx tsx scripts/refresh-downstream.ts',
568 silly install resolved       'refresh-static': 'npx tsx scripts/refresh-static.ts',
568 silly install resolved       'update-timeline': 'npx tsx scripts/create-timeline.ts; npx prettier ./src/data/timeline.js --write',
568 silly install resolved       'update-data-dependencies': 'npm i @mdn/browser-compat-data@latest web-features@latest -D',
568 silly install resolved       'check-timeline-changes': "git diff --name-only | grep -q '^src/data/timeline.js$' && echo 'changes-available=TRUE' || echo 'changes-available=FALSE'"
568 silly install resolved     },
568 silly install resolved     license: 'Apache-2.0',
568 silly install resolved     devDependencies: {
568 silly install resolved       '@mdn/browser-compat-data': '^8.0.7',
568 silly install resolved       '@rollup/plugin-terser': '^1.0.0',
568 silly install resolved       '@rollup/plugin-typescript': '^12.1.3',
568 silly install resolved       '@types/node': '^22.19.21',
568 silly install resolved       'eslint-plugin-new-with-error': '^5.0.0',
568 silly install resolved       jasmine: '^5.8.0',
568 silly install resolved       'jasmine-browser-runner': '^3.0.0',
568 silly install resolved       'jasmine-spec-reporter': '^7.0.0',
568 silly install resolved       prettier: '^3.5.3',
568 silly install resolved       rollup: '^4.44.0',
568 silly install resolved       tslib: '^2.8.1',
568 silly install resolved       typescript: '^5.7.2',
568 silly install resolved       'typescript-eslint': '^8.35.0',
568 silly install resolved       'web-features': '^3.34.1'
568 silly install resolved     },
568 silly install resolved     repository: {
568 silly install resolved       type: 'git',
568 silly install resolved       url: 'git+https://github.com/web-platform-dx/baseline-browser-mapping.git'
568 silly install resolved     },
568 silly install resolved     gitHead: '0a7ce51e20d061f0810e816fc7e6105031e3e1c0',
568 silly install resolved     _id: 'baseline-browser-mapping@2.11.1',
568 silly install resolved     bugs: {
568 silly install resolved       url: 'https://github.com/web-platform-dx/baseline-browser-mapping/issues'
568 silly install resolved     },
568 silly install resolved     homepage: 'https://github.com/web-platform-dx/baseline-browser-mapping#readme',
568 silly install resolved     _nodeVersion: '24.18.0',
568 silly install resolved     _npmVersion: '11.16.0',
568 silly install resolved     dist: {
568 silly install resolved       integrity: 'sha512-HYXq73DDpCtNzOmrFsm9eSwCvWCql0RzqjpDzXN9EadiLJ4DNat0nsZ/Bzmy+Ud12mb4/zKDY0cQ805ZzN+i0A==',
568 silly install resolved       shasum: '390b4714558634093df77add4acca0c5c0c1605e',
568 silly install resolved       tarball: 'https://registry.npmjs.org/baseline-browser-mapping/-/baseline-browser-mapping-2.11.1.tgz',
568 silly install resolved       fileCount: 9,
568 silly install resolved       unpackedSize: 133899,
568 silly install resolved       attestations: [Object],
568 silly install resolved       signatures: [Array]
568 silly install resolved     },
568 silly install resolved     _npmUser: {
568 silly install resolved       name: 'GitHub Actions',
568 silly install resolved       email: 'npm-oidc-no-reply@github.com',
568 silly install resolved       trustedPublisher: [Object]
568 silly install resolved     },
568 silly install resolved     directories: {},
568 silly install resolved     maintainers: [ [Object] ],
568 silly install resolved     _npmOperationalInternal: {
568 silly install resolved       host: 's3://npm-registry-packages-npm-production',
568 silly install resolved       tmp: 'tmp/baseline-browser-mapping_2.11.1_1784735172873_0.6023421713780381'
568 silly install resolved     },
568 silly install resolved     _hasShrinkwrap: false,
568 silly install resolved     _shasum: '390b4714558634093df77add4acca0c5c0c1605e',
568 silly install resolved     _resolved: 'https://registry.npmjs.org/baseline-browser-mapping/-/baseline-browser-mapping-2.11.1.tgz',
568 silly install resolved     _from: 'baseline-browser-mapping@latest'
568 silly install resolved   },
568 silly install resolved   {
568 silly install resolved     name: 'caniuse-lite',
568 silly install resolved     version: '1.0.30001806',
568 silly install resolved     description: 'A smaller version of caniuse-db, with only the essentials!',
568 silly install resolved     keywords: [ 'support' ],
568 silly install resolved     license: 'CC-BY-4.0',
568 silly install resolved     author: {
568 silly install resolved       name: 'Ben Briggs',
568 silly install resolved       email: 'beneb.info@gmail.com',
568 silly install resolved       url: 'http://beneb.info'
568 silly install resolved     },
568 silly install resolved     repository: {
568 silly install resolved       type: 'git',
568 silly install resolved       url: 'git+https://github.com/browserslist/caniuse-lite.git'
568 silly install resolved     },
568 silly install resolved     funding: [ [Object], [Object], [Object] ],
568 silly install resolved     main: 'dist/unpacker/index.js',
568 silly install resolved     gitHead: '3c48481a6ed94965096b87c5b35bc19c5d64d6e3',
568 silly install resolved     _id: 'caniuse-lite@1.0.30001806',
568 silly install resolved     bugs: { url: 'https://github.com/browserslist/caniuse-lite/issues' },
568 silly install resolved     homepage: 'https://github.com/browserslist/caniuse-lite#readme',
568 silly install resolved     _nodeVersion: '26.5.0',
568 silly install resolved     _npmVersion: '11.17.0',
568 silly install resolved     dist: {
568 silly install resolved       integrity: 'sha512-72Cuvd95zbSYPKq6Fhg8eDJRlzgWDf7/mtoZv6Qe/DYNCEBdNxoA3+rZAU2ZhGCpZlns3EssFavaZomckT5Uuw==',
568 silly install resolved       shasum: '1bc8e502b723fa393455dfbedd5ccec0c29bb74e',
568 silly install resolved       tarball: 'https://registry.npmjs.org/caniuse-lite/-/caniuse-lite-1.0.30001806.tgz',
568 silly install resolved       fileCount: 841,
568 silly install resolved       unpackedSize: 1499277,
568 silly install resolved       attestations: [Object],
568 silly install resolved       signatures: [Array]
568 silly install resolved     },
568 silly install resolved     _npmUser: {
568 silly install resolved       name: 'GitHub Actions',
568 silly install resolved       email: 'npm-oidc-no-reply@github.com',
568 silly install resolved       trustedPublisher: [Object]
568 silly install resolved     },
568 silly install resolved     directories: {},
568 silly install resolved     maintainers: [ [Object] ],
568 silly install resolved     _npmOperationalInternal: {
568 silly install resolved       host: 's3://npm-registry-packages-npm-production',
568 silly install resolved       tmp: 'tmp/caniuse-lite_1.0.30001806_1784177022859_0.3554209843802889'
568 silly install resolved     },
568 silly install resolved     _hasShrinkwrap: false,
568 silly install resolved     _shasum: '1bc8e502b723fa393455dfbedd5ccec0c29bb74e',
568 silly install resolved     _resolved: 'https://registry.npmjs.org/caniuse-lite/-/caniuse-lite-1.0.30001806.tgz',
568 silly install resolved     _from: 'caniuse-lite@latest'
568 silly install resolved   }
568 silly install resolved ]
569 info install baseline-browser-mapping@2.11.1 into D:\VS Code\Kantle's Portfolio
570 info install caniuse-lite@1.0.30001806 into D:\VS Code\Kantle's Portfolio
571 info installOne baseline-browser-mapping@2.11.1
572 verbose installOne of baseline-browser-mapping to D:\VS Code\Kantle's Portfolio not in flight; installing
573 verbose correctMkdir C:\Users\ganes\AppData\Local\npm-cache\_locks correctMkdir not in flight; initializing
574 info installOne caniuse-lite@1.0.30001806
575 verbose installOne of caniuse-lite to D:\VS Code\Kantle's Portfolio not in flight; installing
576 verbose correctMkdir C:\Users\ganes\AppData\Local\npm-cache\_locks correctMkdir already in flight; waiting
577 verbose lock using C:\Users\ganes\AppData\Local\npm-cache\_locks\baseline-browser-mapping-c1dd6c5f5a9b2681.lock for D:\VS Code\Kantle's Portfolio\node_modules\baseline-browser-mapping
578 silly install write writing baseline-browser-mapping 2.11.1 to D:\VS Code\Kantle's Portfolio\node_modules\baseline-browser-mapping
579 verbose lock using C:\Users\ganes\AppData\Local\npm-cache\_locks\caniuse-lite-4ac3d584522bc42e.lock for D:\VS Code\Kantle's Portfolio\node_modules\caniuse-lite
580 silly install write writing caniuse-lite 1.0.30001806 to D:\VS Code\Kantle's Portfolio\node_modules\caniuse-lite
581 verbose unbuild node_modules\baseline-browser-mapping
582 verbose unbuild node_modules\caniuse-lite
583 silly gentlyRm D:\VS Code\Kantle's Portfolio\node_modules\baseline-browser-mapping is being purged from base D:\VS Code\Kantle's Portfolio
584 verbose gentlyRm don't care about contents; nuking D:\VS Code\Kantle's Portfolio\node_modules\baseline-browser-mapping
585 verbose tar unpack C:\Users\ganes\AppData\Local\npm-cache\baseline-browser-mapping\2.11.1\package.tgz
586 verbose tar unpacking to D:\VS Code\Kantle's Portfolio\node_modules\baseline-browser-mapping
587 silly gentlyRm D:\VS Code\Kantle's Portfolio\node_modules\baseline-browser-mapping is being purged
588 verbose gentlyRm don't care about contents; nuking D:\VS Code\Kantle's Portfolio\node_modules\baseline-browser-mapping
589 silly gunzTarPerm modes [ '777', '666' ]
590 info preuninstall caniuse-lite@1.0.30001757
591 silly gunzTarPerm extractEntry dist/cli.cjs
592 silly gunzTarPerm modified mode [ 'dist/cli.cjs', 420, 438 ]
593 info uninstall caniuse-lite@1.0.30001757
594 verbose unbuild rmStuff caniuse-lite@1.0.30001757 from D:\VS Code\Kantle's Portfolio\node_modules
595 info postuninstall caniuse-lite@1.0.30001757
596 silly gunzTarPerm extractEntry dist/index.cjs
597 silly gunzTarPerm modified mode [ 'dist/index.cjs', 420, 438 ]
598 silly gunzTarPerm extractEntry dist/index.js
599 silly gunzTarPerm modified mode [ 'dist/index.js', 420, 438 ]
600 silly gentlyRm D:\VS Code\Kantle's Portfolio\node_modules\caniuse-lite is being purged from base D:\VS Code\Kantle's Portfolio
601 verbose gentlyRm don't care about contents; nuking D:\VS Code\Kantle's Portfolio\node_modules\caniuse-lite
602 silly vacuum-fs purging D:\VS Code\Kantle's Portfolio\node_modules\caniuse-lite
603 silly gunzTarPerm extractEntry package.json
604 silly gunzTarPerm modified mode [ 'package.json', 420, 438 ]
605 silly gunzTarPerm extractEntry README.md
606 silly gunzTarPerm modified mode [ 'README.md', 420, 438 ]
607 silly gunzTarPerm extractEntry dist/index.d.ts
608 silly gunzTarPerm modified mode [ 'dist/index.d.ts', 420, 438 ]
609 silly vacuum-fs quitting because other entries in D:\VS Code\Kantle's Portfolio\node_modules
610 verbose tar unpack C:\Users\ganes\AppData\Local\npm-cache\caniuse-lite\1.0.30001806\package.tgz
611 verbose tar unpacking to D:\VS Code\Kantle's Portfolio\node_modules\caniuse-lite
612 silly gentlyRm D:\VS Code\Kantle's Portfolio\node_modules\caniuse-lite is being purged
613 verbose gentlyRm don't care about contents; nuking D:\VS Code\Kantle's Portfolio\node_modules\caniuse-lite
614 silly gunzTarPerm modes [ '777', '666' ]
615 silly gunzTarPerm extractEntry dist/types.d.ts
616 silly gunzTarPerm modified mode [ 'dist/types.d.ts', 420, 438 ]
617 silly gunzTarPerm extractEntry dist/utils.d.ts
618 silly gunzTarPerm modified mode [ 'dist/utils.d.ts', 420, 438 ]
619 silly gunzTarPerm extractEntry LICENSE
620 silly gunzTarPerm modified mode [ 'LICENSE', 420, 438 ]
621 silly gunzTarPerm extractEntry LICENSE.txt
622 silly gunzTarPerm modified mode [ 'LICENSE.txt', 420, 438 ]
623 silly gunzTarPerm extractEntry data/features/aac.js
624 silly gunzTarPerm modified mode [ 'data/features/aac.js', 420, 438 ]
625 silly gunzTarPerm extractEntry data/features/abortcontroller.js
626 silly gunzTarPerm modified mode [ 'data/features/abortcontroller.js', 420, 438 ]
627 silly gunzTarPerm extractEntry data/features/ac3-ec3.js
628 silly gunzTarPerm modified mode [ 'data/features/ac3-ec3.js', 420, 438 ]
629 silly gunzTarPerm extractEntry data/features/accelerometer.js
630 silly gunzTarPerm modified mode [ 'data/features/accelerometer.js', 420, 438 ]
631 silly gunzTarPerm extractEntry data/regions/AD.js
632 silly gunzTarPerm modified mode [ 'data/regions/AD.js', 420, 438 ]
633 silly gunzTarPerm extractEntry data/features/addeventlistener.js
634 silly gunzTarPerm modified mode [ 'data/features/addeventlistener.js', 420, 438 ]
635 silly gunzTarPerm extractEntry data/regions/AE.js
636 silly gunzTarPerm modified mode [ 'data/regions/AE.js', 420, 438 ]
637 silly gunzTarPerm extractEntry data/regions/AF.js
638 silly gunzTarPerm modified mode [ 'data/regions/AF.js', 420, 438 ]
639 silly gunzTarPerm extractEntry data/regions/AG.js
640 silly gunzTarPerm modified mode [ 'data/regions/AG.js', 420, 438 ]
641 silly gunzTarPerm extractEntry data/agents.js
642 silly gunzTarPerm modified mode [ 'data/agents.js', 420, 438 ]
643 silly gunzTarPerm extractEntry dist/unpacker/agents.js
644 silly gunzTarPerm modified mode [ 'dist/unpacker/agents.js', 420, 438 ]
645 verbose write writing to D:\VS Code\Kantle's Portfolio\node_modules\baseline-browser-mapping\package.json
646 info preinstall baseline-browser-mapping@2.11.1
647 silly gunzTarPerm extractEntry data/regions/AI.js
648 silly gunzTarPerm modified mode [ 'data/regions/AI.js', 420, 438 ]
649 silly gunzTarPerm extractEntry data/regions/AL.js
650 silly gunzTarPerm modified mode [ 'data/regions/AL.js', 420, 438 ]
651 verbose readDependencies loading dependencies from D:\VS Code\Kantle's Portfolio\node_modules\baseline-browser-mapping\package.json
652 silly gunzTarPerm extractEntry data/regions/alt-af.js
653 silly gunzTarPerm modified mode [ 'data/regions/alt-af.js', 420, 438 ]
654 silly gunzTarPerm extractEntry data/regions/alt-an.js
655 silly gunzTarPerm modified mode [ 'data/regions/alt-an.js', 420, 438 ]
656 verbose readDependencies loading dependencies from D:\VS Code\Kantle's Portfolio\node_modules\baseline-browser-mapping\package.json
657 silly gunzTarPerm extractEntry data/regions/alt-as.js
658 silly gunzTarPerm modified mode [ 'data/regions/alt-as.js', 420, 438 ]
659 silly gunzTarPerm extractEntry data/regions/alt-eu.js
660 silly gunzTarPerm modified mode [ 'data/regions/alt-eu.js', 420, 438 ]
661 silly install resolved []
662 verbose about to build D:\VS Code\Kantle's Portfolio\node_modules\baseline-browser-mapping
663 info build D:\VS Code\Kantle's Portfolio\node_modules\baseline-browser-mapping
664 silly gunzTarPerm extractEntry data/regions/alt-na.js
665 silly gunzTarPerm modified mode [ 'data/regions/alt-na.js', 420, 438 ]
666 silly gunzTarPerm extractEntry data/regions/alt-oc.js
667 silly gunzTarPerm modified mode [ 'data/regions/alt-oc.js', 420, 438 ]
668 info linkStuff baseline-browser-mapping@2.11.1
669 silly linkStuff baseline-browser-mapping@2.11.1 has D:\VS Code\Kantle's Portfolio\node_modules as its parent node_modules
670 verbose linkBins baseline-browser-mapping@2.11.1
671 verbose link bins [
671 verbose link bins   { 'baseline-browser-mapping': 'dist/cli.cjs' },
671 verbose link bins   "D:\\VS Code\\Kantle's Portfolio\\node_modules\\.bin",
671 verbose link bins   false
671 verbose link bins ]
672 verbose linkMans baseline-browser-mapping@2.11.1
673 verbose rebuildBundles baseline-browser-mapping@2.11.1
674 silly gunzTarPerm extractEntry data/regions/alt-sa.js
675 silly gunzTarPerm modified mode [ 'data/regions/alt-sa.js', 420, 438 ]
676 silly gunzTarPerm extractEntry data/regions/alt-ww.js
677 silly gunzTarPerm modified mode [ 'data/regions/alt-ww.js', 420, 438 ]
678 silly gunzTarPerm extractEntry data/features/alternate-stylesheet.js
679 silly gunzTarPerm modified mode [ 'data/features/alternate-stylesheet.js', 420, 438 ]
680 silly gunzTarPerm extractEntry data/regions/AM.js
681 silly gunzTarPerm modified mode [ 'data/regions/AM.js', 420, 438 ]
682 silly gunzTarPerm extractEntry data/features/ambient-light.js
683 silly gunzTarPerm modified mode [ 'data/features/ambient-light.js', 420, 438 ]
684 silly gunzTarPerm extractEntry data/regions/AO.js
685 silly gunzTarPerm modified mode [ 'data/regions/AO.js', 420, 438 ]
686 info install baseline-browser-mapping@2.11.1
687 info postinstall baseline-browser-mapping@2.11.1
688 verbose unlock done using C:\Users\ganes\AppData\Local\npm-cache\_locks\baseline-browser-mapping-c1dd6c5f5a9b2681.lock for D:\VS Code\Kantle's Portfolio\node_modules\baseline-browser-mapping
689 silly gunzTarPerm extractEntry data/features/apng.js
690 silly gunzTarPerm modified mode [ 'data/features/apng.js', 420, 438 ]
691 silly gunzTarPerm extractEntry data/regions/AR.js
692 silly gunzTarPerm modified mode [ 'data/regions/AR.js', 420, 438 ]
693 silly gunzTarPerm extractEntry data/features/array-find-index.js
694 silly gunzTarPerm modified mode [ 'data/features/array-find-index.js', 420, 438 ]
695 silly gunzTarPerm extractEntry data/features/array-find.js
696 silly gunzTarPerm modified mode [ 'data/features/array-find.js', 420, 438 ]
697 silly gunzTarPerm extractEntry data/features/array-flat.js
698 silly gunzTarPerm modified mode [ 'data/features/array-flat.js', 420, 438 ]
699 silly gunzTarPerm extractEntry data/features/array-includes.js
700 silly gunzTarPerm modified mode [ 'data/features/array-includes.js', 420, 438 ]
701 silly gunzTarPerm extractEntry data/features/arrow-functions.js
702 silly gunzTarPerm modified mode [ 'data/features/arrow-functions.js', 420, 438 ]
703 silly gunzTarPerm extractEntry data/regions/AS.js
704 silly gunzTarPerm modified mode [ 'data/regions/AS.js', 420, 438 ]
705 silly gunzTarPerm extractEntry data/features/asmjs.js
706 silly gunzTarPerm modified mode [ 'data/features/asmjs.js', 420, 438 ]
707 silly gunzTarPerm extractEntry data/features/async-clipboard.js
708 silly gunzTarPerm modified mode [ 'data/features/async-clipboard.js', 420, 438 ]
709 silly gunzTarPerm extractEntry data/features/async-functions.js
710 silly gunzTarPerm modified mode [ 'data/features/async-functions.js', 420, 438 ]
711 silly gunzTarPerm extractEntry data/regions/AT.js
712 silly gunzTarPerm modified mode [ 'data/regions/AT.js', 420, 438 ]
713 silly gunzTarPerm extractEntry data/features/atob-btoa.js
714 silly gunzTarPerm modified mode [ 'data/features/atob-btoa.js', 420, 438 ]
715 silly gunzTarPerm extractEntry data/regions/AU.js
716 silly gunzTarPerm modified mode [ 'data/regions/AU.js', 420, 438 ]
717 silly gunzTarPerm extractEntry data/features/audio-api.js
718 silly gunzTarPerm modified mode [ 'data/features/audio-api.js', 420, 438 ]
719 silly gunzTarPerm extractEntry data/features/audio.js
720 silly gunzTarPerm modified mode [ 'data/features/audio.js', 420, 438 ]
721 silly gunzTarPerm extractEntry data/features/audiotracks.js
722 silly gunzTarPerm modified mode [ 'data/features/audiotracks.js', 420, 438 ]
723 silly gunzTarPerm extractEntry data/features/autofocus.js
724 silly gunzTarPerm modified mode [ 'data/features/autofocus.js', 420, 438 ]
725 silly gunzTarPerm extractEntry data/features/auxclick.js
726 silly gunzTarPerm modified mode [ 'data/features/auxclick.js', 420, 438 ]
727 silly gunzTarPerm extractEntry data/features/av1.js
728 silly gunzTarPerm modified mode [ 'data/features/av1.js', 420, 438 ]
729 silly gunzTarPerm extractEntry data/features/avif.js
730 silly gunzTarPerm modified mode [ 'data/features/avif.js', 420, 438 ]
731 silly gunzTarPerm extractEntry data/regions/AW.js
732 silly gunzTarPerm modified mode [ 'data/regions/AW.js', 420, 438 ]
733 silly gunzTarPerm extractEntry data/regions/AX.js
734 silly gunzTarPerm modified mode [ 'data/regions/AX.js', 420, 438 ]
735 silly gunzTarPerm extractEntry data/regions/AZ.js
736 silly gunzTarPerm modified mode [ 'data/regions/AZ.js', 420, 438 ]
737 silly gunzTarPerm extractEntry data/regions/BA.js
738 silly gunzTarPerm modified mode [ 'data/regions/BA.js', 420, 438 ]
739 silly gunzTarPerm extractEntry data/features/background-attachment.js
740 silly gunzTarPerm modified mode [ 'data/features/background-attachment.js', 420, 438 ]
741 silly gunzTarPerm extractEntry data/features/background-clip-text.js
742 silly gunzTarPerm modified mode [ 'data/features/background-clip-text.js', 420, 438 ]
743 silly gunzTarPerm extractEntry data/features/background-img-opts.js
744 silly gunzTarPerm modified mode [ 'data/features/background-img-opts.js', 420, 438 ]
745 silly gunzTarPerm extractEntry data/features/background-position-x-y.js
746 silly gunzTarPerm modified mode [ 'data/features/background-position-x-y.js', 420, 438 ]
747 silly gunzTarPerm extractEntry data/features/background-repeat-round-space.js
748 silly gunzTarPerm modified mode [ 'data/features/background-repeat-round-space.js', 420, 438 ]
749 silly gunzTarPerm extractEntry data/features/background-sync.js
750 silly gunzTarPerm modified mode [ 'data/features/background-sync.js', 420, 438 ]
751 silly gunzTarPerm extractEntry data/features/battery-status.js
752 silly gunzTarPerm modified mode [ 'data/features/battery-status.js', 420, 438 ]
753 silly gunzTarPerm extractEntry data/regions/BB.js
754 silly gunzTarPerm modified mode [ 'data/regions/BB.js', 420, 438 ]
755 silly gunzTarPerm extractEntry data/regions/BD.js
756 silly gunzTarPerm modified mode [ 'data/regions/BD.js', 420, 438 ]
757 silly gunzTarPerm extractEntry data/regions/BE.js
758 silly gunzTarPerm modified mode [ 'data/regions/BE.js', 420, 438 ]
759 silly gunzTarPerm extractEntry data/features/beacon.js
760 silly gunzTarPerm modified mode [ 'data/features/beacon.js', 420, 438 ]
761 silly gunzTarPerm extractEntry data/features/beforeafterprint.js
762 silly gunzTarPerm modified mode [ 'data/features/beforeafterprint.js', 420, 438 ]
763 silly gunzTarPerm extractEntry data/regions/BF.js
764 silly gunzTarPerm modified mode [ 'data/regions/BF.js', 420, 438 ]
765 silly gunzTarPerm extractEntry data/regions/BG.js
766 silly gunzTarPerm modified mode [ 'data/regions/BG.js', 420, 438 ]
767 silly gunzTarPerm extractEntry data/regions/BH.js
768 silly gunzTarPerm modified mode [ 'data/regions/BH.js', 420, 438 ]
769 silly gunzTarPerm extractEntry data/regions/BI.js
770 silly gunzTarPerm modified mode [ 'data/regions/BI.js', 420, 438 ]
771 silly gunzTarPerm extractEntry data/features/bigint.js
772 silly gunzTarPerm modified mode [ 'data/features/bigint.js', 420, 438 ]
773 silly gunzTarPerm extractEntry data/regions/BJ.js
774 silly gunzTarPerm modified mode [ 'data/regions/BJ.js', 420, 438 ]
775 silly gunzTarPerm extractEntry data/features/blobbuilder.js
776 silly gunzTarPerm modified mode [ 'data/features/blobbuilder.js', 420, 438 ]
777 silly gunzTarPerm extractEntry data/features/bloburls.js
778 silly gunzTarPerm modified mode [ 'data/features/bloburls.js', 420, 438 ]
779 silly gunzTarPerm extractEntry data/regions/BM.js
780 silly gunzTarPerm modified mode [ 'data/regions/BM.js', 420, 438 ]
781 silly gunzTarPerm extractEntry data/regions/BN.js
782 silly gunzTarPerm modified mode [ 'data/regions/BN.js', 420, 438 ]
783 silly gunzTarPerm extractEntry data/regions/BO.js
784 silly gunzTarPerm modified mode [ 'data/regions/BO.js', 420, 438 ]
785 silly gunzTarPerm extractEntry data/features/border-image.js
786 silly gunzTarPerm modified mode [ 'data/features/border-image.js', 420, 438 ]
787 silly gunzTarPerm extractEntry data/features/border-radius.js
788 silly gunzTarPerm modified mode [ 'data/features/border-radius.js', 420, 438 ]
789 silly gunzTarPerm extractEntry data/regions/BR.js
790 silly gunzTarPerm modified mode [ 'data/regions/BR.js', 420, 438 ]
791 silly gunzTarPerm extractEntry data/features/broadcastchannel.js
792 silly gunzTarPerm modified mode [ 'data/features/broadcastchannel.js', 420, 438 ]
793 silly gunzTarPerm extractEntry data/features/brotli.js
794 silly gunzTarPerm modified mode [ 'data/features/brotli.js', 420, 438 ]
795 silly gunzTarPerm extractEntry data/browsers.js
796 silly gunzTarPerm modified mode [ 'data/browsers.js', 420, 438 ]
797 silly gunzTarPerm extractEntry dist/unpacker/browsers.js
798 silly gunzTarPerm modified mode [ 'dist/unpacker/browsers.js', 420, 438 ]
799 silly gunzTarPerm extractEntry data/browserVersions.js
800 silly gunzTarPerm modified mode [ 'data/browserVersions.js', 420, 438 ]
801 silly gunzTarPerm extractEntry dist/unpacker/browserVersions.js
802 silly gunzTarPerm modified mode [ 'dist/unpacker/browserVersions.js', 420, 438 ]
803 silly gunzTarPerm extractEntry data/regions/BS.js
804 silly gunzTarPerm modified mode [ 'data/regions/BS.js', 420, 438 ]
805 silly gunzTarPerm extractEntry data/regions/BT.js
806 silly gunzTarPerm modified mode [ 'data/regions/BT.js', 420, 438 ]
807 silly gunzTarPerm extractEntry data/regions/BW.js
808 silly gunzTarPerm modified mode [ 'data/regions/BW.js', 420, 438 ]
809 silly gunzTarPerm extractEntry data/regions/BY.js
810 silly gunzTarPerm modified mode [ 'data/regions/BY.js', 420, 438 ]
811 silly gunzTarPerm extractEntry data/regions/BZ.js
812 silly gunzTarPerm modified mode [ 'data/regions/BZ.js', 420, 438 ]
813 silly gunzTarPerm extractEntry data/regions/CA.js
814 silly gunzTarPerm modified mode [ 'data/regions/CA.js', 420, 438 ]
815 silly gunzTarPerm extractEntry data/features/calc.js
816 silly gunzTarPerm modified mode [ 'data/features/calc.js', 420, 438 ]
817 silly gunzTarPerm extractEntry data/features/canvas-blending.js
818 silly gunzTarPerm modified mode [ 'data/features/canvas-blending.js', 420, 438 ]
819 silly gunzTarPerm extractEntry data/features/canvas-text.js
820 silly gunzTarPerm modified mode [ 'data/features/canvas-text.js', 420, 438 ]
821 silly gunzTarPerm extractEntry data/features/canvas.js
822 silly gunzTarPerm modified mode [ 'data/features/canvas.js', 420, 438 ]
823 silly gunzTarPerm extractEntry data/regions/CD.js
824 silly gunzTarPerm modified mode [ 'data/regions/CD.js', 420, 438 ]
825 silly gunzTarPerm extractEntry data/regions/CF.js
826 silly gunzTarPerm modified mode [ 'data/regions/CF.js', 420, 438 ]
827 silly gunzTarPerm extractEntry data/regions/CG.js
828 silly gunzTarPerm modified mode [ 'data/regions/CG.js', 420, 438 ]
829 silly gunzTarPerm extractEntry data/features/ch-unit.js
830 silly gunzTarPerm modified mode [ 'data/features/ch-unit.js', 420, 438 ]
831 silly gunzTarPerm extractEntry data/regions/CH.js
832 silly gunzTarPerm modified mode [ 'data/regions/CH.js', 420, 438 ]
833 silly gunzTarPerm extractEntry data/features/chacha20-poly1305.js
834 silly gunzTarPerm modified mode [ 'data/features/chacha20-poly1305.js', 420, 438 ]
835 silly gunzTarPerm extractEntry data/features/channel-messaging.js
836 silly gunzTarPerm modified mode [ 'data/features/channel-messaging.js', 420, 438 ]
837 silly gunzTarPerm extractEntry data/features/childnode-remove.js
838 silly gunzTarPerm modified mode [ 'data/features/childnode-remove.js', 420, 438 ]
839 silly gunzTarPerm extractEntry data/regions/CI.js
840 silly gunzTarPerm modified mode [ 'data/regions/CI.js', 420, 438 ]
841 silly gunzTarPerm extractEntry data/regions/CK.js
842 silly gunzTarPerm modified mode [ 'data/regions/CK.js', 420, 438 ]
843 silly gunzTarPerm extractEntry data/regions/CL.js
844 silly gunzTarPerm modified mode [ 'data/regions/CL.js', 420, 438 ]
845 silly gunzTarPerm extractEntry data/features/classlist.js
846 silly gunzTarPerm modified mode [ 'data/features/classlist.js', 420, 438 ]
847 silly gunzTarPerm extractEntry data/features/client-hints-dpr-width-viewport.js
848 silly gunzTarPerm modified mode [ 'data/features/client-hints-dpr-width-viewport.js', 420, 438 ]
849 silly gunzTarPerm extractEntry data/features/clipboard.js
850 silly gunzTarPerm modified mode [ 'data/features/clipboard.js', 420, 438 ]
851 silly gunzTarPerm extractEntry data/regions/CM.js
852 silly gunzTarPerm modified mode [ 'data/regions/CM.js', 420, 438 ]
853 silly gunzTarPerm extractEntry data/regions/CN.js
854 silly gunzTarPerm modified mode [ 'data/regions/CN.js', 420, 438 ]
855 silly gunzTarPerm extractEntry data/regions/CO.js
856 silly gunzTarPerm modified mode [ 'data/regions/CO.js', 420, 438 ]
857 silly gunzTarPerm extractEntry data/features/colr-v1.js
858 silly gunzTarPerm modified mode [ 'data/features/colr-v1.js', 420, 438 ]
859 silly gunzTarPerm extractEntry data/features/colr.js
860 silly gunzTarPerm modified mode [ 'data/features/colr.js', 420, 438 ]
861 silly gunzTarPerm extractEntry data/features/comparedocumentposition.js
862 silly gunzTarPerm modified mode [ 'data/features/comparedocumentposition.js', 420, 438 ]
863 silly gunzTarPerm extractEntry data/features/console-basic.js
864 silly gunzTarPerm modified mode [ 'data/features/console-basic.js', 420, 438 ]
865 silly gunzTarPerm extractEntry data/features/console-time.js
866 silly gunzTarPerm modified mode [ 'data/features/console-time.js', 420, 438 ]
867 silly gunzTarPerm extractEntry data/features/const.js
868 silly gunzTarPerm modified mode [ 'data/features/const.js', 420, 438 ]
869 silly gunzTarPerm extractEntry data/features/constraint-validation.js
870 silly gunzTarPerm modified mode [ 'data/features/constraint-validation.js', 420, 438 ]
871 silly gunzTarPerm extractEntry data/features/contenteditable.js
872 silly gunzTarPerm modified mode [ 'data/features/contenteditable.js', 420, 438 ]
873 silly gunzTarPerm extractEntry data/features/contentsecuritypolicy.js
874 silly gunzTarPerm modified mode [ 'data/features/contentsecuritypolicy.js', 420, 438 ]
875 silly gunzTarPerm extractEntry data/features/contentsecuritypolicy2.js
876 silly gunzTarPerm modified mode [ 'data/features/contentsecuritypolicy2.js', 420, 438 ]
877 silly gunzTarPerm extractEntry data/features/cookie-store-api.js
878 silly gunzTarPerm modified mode [ 'data/features/cookie-store-api.js', 420, 438 ]
879 silly gunzTarPerm extractEntry data/features/cors.js
880 silly gunzTarPerm modified mode [ 'data/features/cors.js', 420, 438 ]
881 silly gunzTarPerm extractEntry data/regions/CR.js
882 silly gunzTarPerm modified mode [ 'data/regions/CR.js', 420, 438 ]
883 silly gunzTarPerm extractEntry data/features/createimagebitmap.js
884 silly gunzTarPerm modified mode [ 'data/features/createimagebitmap.js', 420, 438 ]
885 silly gunzTarPerm extractEntry data/features/credential-management.js
886 silly gunzTarPerm modified mode [ 'data/features/credential-management.js', 420, 438 ]
887 silly gunzTarPerm extractEntry data/features/cross-document-view-transitions.js
888 silly gunzTarPerm modified mode [ 'data/features/cross-document-view-transitions.js', 420, 438 ]
889 silly gunzTarPerm extractEntry data/features/cryptography.js
890 silly gunzTarPerm modified mode [ 'data/features/cryptography.js', 420, 438 ]
891 silly gunzTarPerm extractEntry data/features/css-all.js
892 silly gunzTarPerm modified mode [ 'data/features/css-all.js', 420, 438 ]
893 silly gunzTarPerm extractEntry data/features/css-anchor-positioning.js
894 silly gunzTarPerm modified mode [ 'data/features/css-anchor-positioning.js', 420, 438 ]
895 silly gunzTarPerm extractEntry data/features/css-animation.js
896 silly gunzTarPerm modified mode [ 'data/features/css-animation.js', 420, 438 ]
897 silly gunzTarPerm extractEntry data/features/css-any-link.js
898 silly gunzTarPerm modified mode [ 'data/features/css-any-link.js', 420, 438 ]
899 silly gunzTarPerm extractEntry data/features/css-appearance.js
900 silly gunzTarPerm modified mode [ 'data/features/css-appearance.js', 420, 438 ]
901 silly gunzTarPerm extractEntry data/features/css-at-counter-style.js
902 silly gunzTarPerm modified mode [ 'data/features/css-at-counter-style.js', 420, 438 ]
903 silly gunzTarPerm extractEntry data/features/css-autofill.js
904 silly gunzTarPerm modified mode [ 'data/features/css-autofill.js', 420, 438 ]
905 silly gunzTarPerm extractEntry data/features/css-backdrop-filter.js
906 silly gunzTarPerm modified mode [ 'data/features/css-backdrop-filter.js', 420, 438 ]
907 silly gunzTarPerm extractEntry data/features/css-background-offsets.js
908 silly gunzTarPerm modified mode [ 'data/features/css-background-offsets.js', 420, 438 ]
909 silly gunzTarPerm extractEntry data/features/css-backgroundblendmode.js
910 silly gunzTarPerm modified mode [ 'data/features/css-backgroundblendmode.js', 420, 438 ]
911 silly gunzTarPerm extractEntry data/features/css-boxdecorationbreak.js
912 silly gunzTarPerm modified mode [ 'data/features/css-boxdecorationbreak.js', 420, 438 ]
913 silly gunzTarPerm extractEntry data/features/css-boxshadow.js
914 silly gunzTarPerm modified mode [ 'data/features/css-boxshadow.js', 420, 438 ]
915 silly gunzTarPerm extractEntry data/features/css-canvas.js
916 silly gunzTarPerm modified mode [ 'data/features/css-canvas.js', 420, 438 ]
917 silly gunzTarPerm extractEntry data/features/css-caret-color.js
918 silly gunzTarPerm modified mode [ 'data/features/css-caret-color.js', 420, 438 ]
919 silly gunzTarPerm extractEntry data/features/css-cascade-layers.js
920 silly gunzTarPerm modified mode [ 'data/features/css-cascade-layers.js', 420, 438 ]
921 silly gunzTarPerm extractEntry data/features/css-cascade-scope.js
922 silly gunzTarPerm modified mode [ 'data/features/css-cascade-scope.js', 420, 438 ]
923 silly gunzTarPerm extractEntry data/features/css-case-insensitive.js
924 silly gunzTarPerm modified mode [ 'data/features/css-case-insensitive.js', 420, 438 ]
925 silly gunzTarPerm extractEntry data/features/css-clip-path.js
926 silly gunzTarPerm modified mode [ 'data/features/css-clip-path.js', 420, 438 ]
927 silly gunzTarPerm extractEntry data/features/css-color-adjust.js
928 silly gunzTarPerm modified mode [ 'data/features/css-color-adjust.js', 420, 438 ]
929 silly gunzTarPerm extractEntry data/features/css-color-function.js
930 silly gunzTarPerm modified mode [ 'data/features/css-color-function.js', 420, 438 ]
931 silly gunzTarPerm extractEntry data/features/css-conic-gradients.js
932 silly gunzTarPerm modified mode [ 'data/features/css-conic-gradients.js', 420, 438 ]
933 silly gunzTarPerm extractEntry data/features/css-container-queries-style.js
934 silly gunzTarPerm modified mode [ 'data/features/css-container-queries-style.js', 420, 438 ]
935 silly gunzTarPerm extractEntry data/features/css-container-queries.js
936 silly gunzTarPerm modified mode [ 'data/features/css-container-queries.js', 420, 438 ]
937 silly gunzTarPerm extractEntry data/features/css-container-query-units.js
938 silly gunzTarPerm modified mode [ 'data/features/css-container-query-units.js', 420, 438 ]
939 silly gunzTarPerm extractEntry data/features/css-containment.js
940 silly gunzTarPerm modified mode [ 'data/features/css-containment.js', 420, 438 ]
941 silly gunzTarPerm extractEntry data/features/css-content-visibility.js
942 silly gunzTarPerm modified mode [ 'data/features/css-content-visibility.js', 420, 438 ]
943 silly gunzTarPerm extractEntry data/features/css-counters.js
944 silly gunzTarPerm modified mode [ 'data/features/css-counters.js', 420, 438 ]
945 silly gunzTarPerm extractEntry data/features/css-crisp-edges.js
946 silly gunzTarPerm modified mode [ 'data/features/css-crisp-edges.js', 420, 438 ]
947 silly gunzTarPerm extractEntry data/features/css-cross-fade.js
948 silly gunzTarPerm modified mode [ 'data/features/css-cross-fade.js', 420, 438 ]
949 silly gunzTarPerm extractEntry data/features/css-default-pseudo.js
950 silly gunzTarPerm modified mode [ 'data/features/css-default-pseudo.js', 420, 438 ]
951 silly gunzTarPerm extractEntry data/features/css-descendant-gtgt.js
952 silly gunzTarPerm modified mode [ 'data/features/css-descendant-gtgt.js', 420, 438 ]
953 silly gunzTarPerm extractEntry data/features/css-deviceadaptation.js
954 silly gunzTarPerm modified mode [ 'data/features/css-deviceadaptation.js', 420, 438 ]
955 silly gunzTarPerm extractEntry data/features/css-dir-pseudo.js
956 silly gunzTarPerm modified mode [ 'data/features/css-dir-pseudo.js', 420, 438 ]
957 silly gunzTarPerm extractEntry data/features/css-display-contents.js
958 silly gunzTarPerm modified mode [ 'data/features/css-display-contents.js', 420, 438 ]
959 silly gunzTarPerm extractEntry data/features/css-element-function.js
960 silly gunzTarPerm modified mode [ 'data/features/css-element-function.js', 420, 438 ]
961 silly gunzTarPerm extractEntry data/features/css-env-function.js
962 silly gunzTarPerm modified mode [ 'data/features/css-env-function.js', 420, 438 ]
963 silly gunzTarPerm extractEntry data/features/css-exclusions.js
964 silly gunzTarPerm modified mode [ 'data/features/css-exclusions.js', 420, 438 ]
965 silly gunzTarPerm extractEntry data/features/css-featurequeries.js
966 silly gunzTarPerm modified mode [ 'data/features/css-featurequeries.js', 420, 438 ]
967 silly gunzTarPerm extractEntry data/features/css-file-selector-button.js
968 silly gunzTarPerm modified mode [ 'data/features/css-file-selector-button.js', 420, 438 ]
969 silly gunzTarPerm extractEntry data/features/css-filter-function.js
970 silly gunzTarPerm modified mode [ 'data/features/css-filter-function.js', 420, 438 ]
971 silly gunzTarPerm extractEntry data/features/css-filters.js
972 silly gunzTarPerm modified mode [ 'data/features/css-filters.js', 420, 438 ]
973 silly gunzTarPerm extractEntry data/features/css-first-letter.js
974 silly gunzTarPerm modified mode [ 'data/features/css-first-letter.js', 420, 438 ]
975 silly gunzTarPerm extractEntry data/features/css-first-line.js
976 silly gunzTarPerm modified mode [ 'data/features/css-first-line.js', 420, 438 ]
977 silly gunzTarPerm extractEntry data/features/css-fixed.js
978 silly gunzTarPerm modified mode [ 'data/features/css-fixed.js', 420, 438 ]
979 silly gunzTarPerm extractEntry data/features/css-focus-visible.js
980 silly gunzTarPerm modified mode [ 'data/features/css-focus-visible.js', 420, 438 ]
981 silly gunzTarPerm extractEntry data/features/css-focus-within.js
982 silly gunzTarPerm modified mode [ 'data/features/css-focus-within.js', 420, 438 ]
983 silly gunzTarPerm extractEntry data/features/css-font-palette.js
984 silly gunzTarPerm modified mode [ 'data/features/css-font-palette.js', 420, 438 ]
985 silly gunzTarPerm extractEntry data/features/css-font-rendering-controls.js
986 silly gunzTarPerm modified mode [ 'data/features/css-font-rendering-controls.js', 420, 438 ]
987 silly gunzTarPerm extractEntry data/features/css-font-stretch.js
988 silly gunzTarPerm modified mode [ 'data/features/css-font-stretch.js', 420, 438 ]
989 silly gunzTarPerm extractEntry data/features/css-gencontent.js
990 silly gunzTarPerm modified mode [ 'data/features/css-gencontent.js', 420, 438 ]
991 silly gunzTarPerm extractEntry data/features/css-gradients.js
992 silly gunzTarPerm modified mode [ 'data/features/css-gradients.js', 420, 438 ]
993 silly gunzTarPerm extractEntry data/features/css-grid-animation.js
994 silly gunzTarPerm modified mode [ 'data/features/css-grid-animation.js', 420, 438 ]
995 silly gunzTarPerm extractEntry data/features/css-grid-lanes.js
996 silly gunzTarPerm modified mode [ 'data/features/css-grid-lanes.js', 420, 438 ]
997 silly gunzTarPerm extractEntry data/features/css-grid.js
998 silly gunzTarPerm modified mode [ 'data/features/css-grid.js', 420, 438 ]
999 silly gunzTarPerm extractEntry data/features/css-hanging-punctuation.js
1000 silly gunzTarPerm modified mode [ 'data/features/css-hanging-punctuation.js', 420, 438 ]
1001 silly gunzTarPerm extractEntry data/features/css-has.js
1002 silly gunzTarPerm modified mode [ 'data/features/css-has.js', 420, 438 ]
1003 silly gunzTarPerm extractEntry data/features/css-hyphens.js
1004 silly gunzTarPerm modified mode [ 'data/features/css-hyphens.js', 420, 438 ]
1005 silly gunzTarPerm extractEntry data/features/css-if.js
1006 silly gunzTarPerm modified mode [ 'data/features/css-if.js', 420, 438 ]
1007 silly gunzTarPerm extractEntry data/features/css-image-orientation.js
1008 silly gunzTarPerm modified mode [ 'data/features/css-image-orientation.js', 420, 438 ]
1009 silly gunzTarPerm extractEntry data/features/css-image-set.js
1010 silly gunzTarPerm modified mode [ 'data/features/css-image-set.js', 420, 438 ]
1011 silly gunzTarPerm extractEntry data/features/css-in-out-of-range.js
1012 silly gunzTarPerm modified mode [ 'data/features/css-in-out-of-range.js', 420, 438 ]
1013 silly gunzTarPerm extractEntry data/features/css-indeterminate-pseudo.js
1014 silly gunzTarPerm modified mode [ 'data/features/css-indeterminate-pseudo.js', 420, 438 ]
1015 silly gunzTarPerm extractEntry data/features/css-initial-letter.js
1016 silly gunzTarPerm modified mode [ 'data/features/css-initial-letter.js', 420, 438 ]
1017 silly gunzTarPerm extractEntry data/features/css-initial-value.js
1018 silly gunzTarPerm modified mode [ 'data/features/css-initial-value.js', 420, 438 ]
1019 silly gunzTarPerm extractEntry data/features/css-lch-lab.js
1020 silly gunzTarPerm modified mode [ 'data/features/css-lch-lab.js', 420, 438 ]
1021 silly gunzTarPerm extractEntry data/features/css-letter-spacing.js
1022 silly gunzTarPerm modified mode [ 'data/features/css-letter-spacing.js', 420, 438 ]
1023 silly gunzTarPerm extractEntry data/features/css-line-clamp.js
1024 silly gunzTarPerm modified mode [ 'data/features/css-line-clamp.js', 420, 438 ]
1025 silly gunzTarPerm extractEntry data/features/css-logical-props.js
1026 silly gunzTarPerm modified mode [ 'data/features/css-logical-props.js', 420, 438 ]
1027 silly gunzTarPerm extractEntry data/features/css-marker-pseudo.js
1028 silly gunzTarPerm modified mode [ 'data/features/css-marker-pseudo.js', 420, 438 ]
1029 silly gunzTarPerm extractEntry data/features/css-masks.js
1030 silly gunzTarPerm modified mode [ 'data/features/css-masks.js', 420, 438 ]
1031 silly gunzTarPerm extractEntry data/features/css-matches-pseudo.js
1032 silly gunzTarPerm modified mode [ 'data/features/css-matches-pseudo.js', 420, 438 ]
1033 silly gunzTarPerm extractEntry data/features/css-math-functions.js
1034 silly gunzTarPerm modified mode [ 'data/features/css-math-functions.js', 420, 438 ]
1035 silly gunzTarPerm extractEntry data/features/css-media-interaction.js
1036 silly gunzTarPerm modified mode [ 'data/features/css-media-interaction.js', 420, 438 ]
1037 silly gunzTarPerm extractEntry data/features/css-media-range-syntax.js
1038 silly gunzTarPerm modified mode [ 'data/features/css-media-range-syntax.js', 420, 438 ]
1039 silly gunzTarPerm extractEntry data/features/css-media-resolution.js
1040 silly gunzTarPerm modified mode [ 'data/features/css-media-resolution.js', 420, 438 ]
1041 silly gunzTarPerm extractEntry data/features/css-media-scripting.js
1042 silly gunzTarPerm modified mode [ 'data/features/css-media-scripting.js', 420, 438 ]
1043 silly gunzTarPerm extractEntry data/features/css-mediaqueries.js
1044 silly gunzTarPerm modified mode [ 'data/features/css-mediaqueries.js', 420, 438 ]
1045 silly gunzTarPerm extractEntry data/features/css-mixblendmode.js
1046 silly gunzTarPerm modified mode [ 'data/features/css-mixblendmode.js', 420, 438 ]
1047 silly gunzTarPerm extractEntry data/features/css-module-scripts.js
1048 silly gunzTarPerm modified mode [ 'data/features/css-module-scripts.js', 420, 438 ]
1049 silly gunzTarPerm extractEntry data/features/css-motion-paths.js
1050 silly gunzTarPerm modified mode [ 'data/features/css-motion-paths.js', 420, 438 ]
1051 silly gunzTarPerm extractEntry data/features/css-namespaces.js
1052 silly gunzTarPerm modified mode [ 'data/features/css-namespaces.js', 420, 438 ]
1053 silly gunzTarPerm extractEntry data/features/css-nesting.js
1054 silly gunzTarPerm modified mode [ 'data/features/css-nesting.js', 420, 438 ]
1055 silly gunzTarPerm extractEntry data/features/css-not-sel-list.js
1056 silly gunzTarPerm modified mode [ 'data/features/css-not-sel-list.js', 420, 438 ]
1057 silly gunzTarPerm extractEntry data/features/css-nth-child-of.js
1058 silly gunzTarPerm modified mode [ 'data/features/css-nth-child-of.js', 420, 438 ]
1059 silly gunzTarPerm extractEntry data/features/css-opacity.js
1060 silly gunzTarPerm modified mode [ 'data/features/css-opacity.js', 420, 438 ]
1061 silly gunzTarPerm extractEntry data/features/css-optional-pseudo.js
1062 silly gunzTarPerm modified mode [ 'data/features/css-optional-pseudo.js', 420, 438 ]
1063 silly gunzTarPerm extractEntry data/features/css-overflow-anchor.js
1064 silly gunzTarPerm modified mode [ 'data/features/css-overflow-anchor.js', 420, 438 ]
1065 silly gunzTarPerm extractEntry data/features/css-overflow-overlay.js
1066 silly gunzTarPerm modified mode [ 'data/features/css-overflow-overlay.js', 420, 438 ]
1067 silly gunzTarPerm extractEntry data/features/css-overflow.js
1068 silly gunzTarPerm modified mode [ 'data/features/css-overflow.js', 420, 438 ]
1069 silly gunzTarPerm extractEntry data/features/css-overscroll-behavior.js
1070 silly gunzTarPerm modified mode [ 'data/features/css-overscroll-behavior.js', 420, 438 ]
1071 silly gunzTarPerm extractEntry data/features/css-page-break.js
1072 silly gunzTarPerm modified mode [ 'data/features/css-page-break.js', 420, 438 ]
1073 silly gunzTarPerm extractEntry data/features/css-paged-media.js
1074 silly gunzTarPerm modified mode [ 'data/features/css-paged-media.js', 420, 438 ]
1075 silly gunzTarPerm extractEntry data/features/css-paint-api.js
1076 silly gunzTarPerm modified mode [ 'data/features/css-paint-api.js', 420, 438 ]
1077 silly gunzTarPerm extractEntry data/features/css-placeholder-shown.js
1078 silly gunzTarPerm modified mode [ 'data/features/css-placeholder-shown.js', 420, 438 ]
1079 silly gunzTarPerm extractEntry data/features/css-placeholder.js
1080 silly gunzTarPerm modified mode [ 'data/features/css-placeholder.js', 420, 438 ]
1081 silly gunzTarPerm extractEntry data/features/css-print-color-adjust.js
1082 silly gunzTarPerm modified mode [ 'data/features/css-print-color-adjust.js', 420, 438 ]
1083 silly gunzTarPerm extractEntry data/features/css-read-only-write.js
1084 silly gunzTarPerm modified mode [ 'data/features/css-read-only-write.js', 420, 438 ]
1085 silly gunzTarPerm extractEntry data/features/css-rebeccapurple.js
1086 silly gunzTarPerm modified mode [ 'data/features/css-rebeccapurple.js', 420, 438 ]
1087 silly gunzTarPerm extractEntry data/features/css-reflections.js
1088 silly gunzTarPerm modified mode [ 'data/features/css-reflections.js', 420, 438 ]
1089 silly gunzTarPerm extractEntry data/features/css-regions.js
1090 silly gunzTarPerm modified mode [ 'data/features/css-regions.js', 420, 438 ]
1091 silly gunzTarPerm extractEntry data/features/css-relative-colors.js
1092 silly gunzTarPerm modified mode [ 'data/features/css-relative-colors.js', 420, 438 ]
1093 silly gunzTarPerm extractEntry data/features/css-repeating-gradients.js
1094 silly gunzTarPerm modified mode [ 'data/features/css-repeating-gradients.js', 420, 438 ]
1095 silly gunzTarPerm extractEntry data/features/css-resize.js
1096 silly gunzTarPerm modified mode [ 'data/features/css-resize.js', 420, 438 ]
1097 silly gunzTarPerm extractEntry data/features/css-revert-value.js
1098 silly gunzTarPerm modified mode [ 'data/features/css-revert-value.js', 420, 438 ]
1099 silly gunzTarPerm extractEntry data/features/css-rrggbbaa.js
1100 silly gunzTarPerm modified mode [ 'data/features/css-rrggbbaa.js', 420, 438 ]
1101 silly gunzTarPerm extractEntry data/features/css-scroll-behavior.js
1102 silly gunzTarPerm modified mode [ 'data/features/css-scroll-behavior.js', 420, 438 ]
1103 silly gunzTarPerm extractEntry data/features/css-scrollbar.js
1104 silly gunzTarPerm modified mode [ 'data/features/css-scrollbar.js', 420, 438 ]
1105 silly gunzTarPerm extractEntry data/features/css-sel2.js
1106 silly gunzTarPerm modified mode [ 'data/features/css-sel2.js', 420, 438 ]
1107 silly gunzTarPerm extractEntry data/features/css-sel3.js
1108 silly gunzTarPerm modified mode [ 'data/features/css-sel3.js', 420, 438 ]
1109 silly gunzTarPerm extractEntry data/features/css-selection.js
1110 silly gunzTarPerm modified mode [ 'data/features/css-selection.js', 420, 438 ]
1111 silly gunzTarPerm extractEntry data/features/css-shapes.js
1112 silly gunzTarPerm modified mode [ 'data/features/css-shapes.js', 420, 438 ]
1113 silly gunzTarPerm extractEntry data/features/css-snappoints.js
1114 silly gunzTarPerm modified mode [ 'data/features/css-snappoints.js', 420, 438 ]
1115 silly gunzTarPerm extractEntry data/features/css-sticky.js
1116 silly gunzTarPerm modified mode [ 'data/features/css-sticky.js', 420, 438 ]
1117 silly gunzTarPerm extractEntry data/features/css-subgrid.js
1118 silly gunzTarPerm modified mode [ 'data/features/css-subgrid.js', 420, 438 ]
1119 silly gunzTarPerm extractEntry data/features/css-supports-api.js
1120 silly gunzTarPerm modified mode [ 'data/features/css-supports-api.js', 420, 438 ]
1121 silly gunzTarPerm extractEntry data/features/css-table.js
1122 silly gunzTarPerm modified mode [ 'data/features/css-table.js', 420, 438 ]
1123 silly gunzTarPerm extractEntry data/features/css-text-align-last.js
1124 silly gunzTarPerm modified mode [ 'data/features/css-text-align-last.js', 420, 438 ]
1125 silly gunzTarPerm extractEntry data/features/css-text-box-trim.js
1126 silly gunzTarPerm modified mode [ 'data/features/css-text-box-trim.js', 420, 438 ]
1127 silly gunzTarPerm extractEntry data/features/css-text-indent.js
1128 silly gunzTarPerm modified mode [ 'data/features/css-text-indent.js', 420, 438 ]
1129 silly gunzTarPerm extractEntry data/features/css-text-justify.js
1130 silly gunzTarPerm modified mode [ 'data/features/css-text-justify.js', 420, 438 ]
1131 silly gunzTarPerm extractEntry data/features/css-text-orientation.js
1132 silly gunzTarPerm modified mode [ 'data/features/css-text-orientation.js', 420, 438 ]
1133 silly gunzTarPerm extractEntry data/features/css-text-spacing.js
1134 silly gunzTarPerm modified mode [ 'data/features/css-text-spacing.js', 420, 438 ]
1135 silly gunzTarPerm extractEntry data/features/css-text-wrap-balance.js
1136 silly gunzTarPerm modified mode [ 'data/features/css-text-wrap-balance.js', 420, 438 ]
1137 silly gunzTarPerm extractEntry data/features/css-textshadow.js
1138 silly gunzTarPerm modified mode [ 'data/features/css-textshadow.js', 420, 438 ]
1139 silly gunzTarPerm extractEntry data/features/css-touch-action.js
1140 silly gunzTarPerm modified mode [ 'data/features/css-touch-action.js', 420, 438 ]
1141 silly gunzTarPerm extractEntry data/features/css-transitions.js
1142 silly gunzTarPerm modified mode [ 'data/features/css-transitions.js', 420, 438 ]
1143 silly gunzTarPerm extractEntry data/features/css-unicode-bidi.js
1144 silly gunzTarPerm modified mode [ 'data/features/css-unicode-bidi.js', 420, 438 ]
1145 silly gunzTarPerm extractEntry data/features/css-unset-value.js
1146 silly gunzTarPerm modified mode [ 'data/features/css-unset-value.js', 420, 438 ]
1147 silly gunzTarPerm extractEntry data/features/css-variables.js
1148 silly gunzTarPerm modified mode [ 'data/features/css-variables.js', 420, 438 ]
1149 silly gunzTarPerm extractEntry data/features/css-when-else.js
1150 silly gunzTarPerm modified mode [ 'data/features/css-when-else.js', 420, 438 ]
1151 silly gunzTarPerm extractEntry data/features/css-widows-orphans.js
1152 silly gunzTarPerm modified mode [ 'data/features/css-widows-orphans.js', 420, 438 ]
1153 silly gunzTarPerm extractEntry data/features/css-width-stretch.js
1154 silly gunzTarPerm modified mode [ 'data/features/css-width-stretch.js', 420, 438 ]
1155 silly gunzTarPerm extractEntry data/features/css-writing-mode.js
1156 silly gunzTarPerm modified mode [ 'data/features/css-writing-mode.js', 420, 438 ]
1157 silly gunzTarPerm extractEntry data/features/css-zoom.js
1158 silly gunzTarPerm modified mode [ 'data/features/css-zoom.js', 420, 438 ]
1159 silly gunzTarPerm extractEntry data/features/css3-attr.js
1160 silly gunzTarPerm modified mode [ 'data/features/css3-attr.js', 420, 438 ]
1161 silly gunzTarPerm extractEntry data/features/css3-boxsizing.js
1162 silly gunzTarPerm modified mode [ 'data/features/css3-boxsizing.js', 420, 438 ]
1163 silly gunzTarPerm extractEntry data/features/css3-colors.js
1164 silly gunzTarPerm modified mode [ 'data/features/css3-colors.js', 420, 438 ]
1165 silly gunzTarPerm extractEntry data/features/css3-cursors-grab.js
1166 silly gunzTarPerm modified mode [ 'data/features/css3-cursors-grab.js', 420, 438 ]
1167 silly gunzTarPerm extractEntry data/features/css3-cursors-newer.js
1168 silly gunzTarPerm modified mode [ 'data/features/css3-cursors-newer.js', 420, 438 ]
1169 silly gunzTarPerm extractEntry data/features/css3-cursors.js
1170 silly gunzTarPerm modified mode [ 'data/features/css3-cursors.js', 420, 438 ]
1171 silly gunzTarPerm extractEntry data/features/css3-tabsize.js
1172 silly gunzTarPerm modified mode [ 'data/features/css3-tabsize.js', 420, 438 ]
1173 silly gunzTarPerm extractEntry data/regions/CU.js
1174 silly gunzTarPerm modified mode [ 'data/regions/CU.js', 420, 438 ]
1175 silly gunzTarPerm extractEntry data/features/currentcolor.js
1176 silly gunzTarPerm modified mode [ 'data/features/currentcolor.js', 420, 438 ]
1177 silly gunzTarPerm extractEntry data/features/custom-elements.js
1178 silly gunzTarPerm modified mode [ 'data/features/custom-elements.js', 420, 438 ]
1179 silly gunzTarPerm extractEntry data/features/custom-elementsv1.js
1180 silly gunzTarPerm modified mode [ 'data/features/custom-elementsv1.js', 420, 438 ]
1181 silly gunzTarPerm extractEntry data/features/customevent.js
1182 silly gunzTarPerm modified mode [ 'data/features/customevent.js', 420, 438 ]
1183 silly gunzTarPerm extractEntry data/features/customizable-select.js
1184 silly gunzTarPerm modified mode [ 'data/features/customizable-select.js', 420, 438 ]
1185 silly gunzTarPerm extractEntry data/regions/CV.js
1186 silly gunzTarPerm modified mode [ 'data/regions/CV.js', 420, 438 ]
1187 silly gunzTarPerm extractEntry data/regions/CX.js
1188 silly gunzTarPerm modified mode [ 'data/regions/CX.js', 420, 438 ]
1189 silly gunzTarPerm extractEntry data/regions/CY.js
1190 silly gunzTarPerm modified mode [ 'data/regions/CY.js', 420, 438 ]
1191 silly gunzTarPerm extractEntry data/regions/CZ.js
1192 silly gunzTarPerm modified mode [ 'data/regions/CZ.js', 420, 438 ]
1193 silly gunzTarPerm extractEntry data/features/datalist.js
1194 silly gunzTarPerm modified mode [ 'data/features/datalist.js', 420, 438 ]
1195 silly gunzTarPerm extractEntry data/features/dataset.js
1196 silly gunzTarPerm modified mode [ 'data/features/dataset.js', 420, 438 ]
1197 silly gunzTarPerm extractEntry data/features/datauri.js
1198 silly gunzTarPerm modified mode [ 'data/features/datauri.js', 420, 438 ]
1199 silly gunzTarPerm extractEntry data/features/date-tolocaledatestring.js
1200 silly gunzTarPerm modified mode [ 'data/features/date-tolocaledatestring.js', 420, 438 ]
1201 silly gunzTarPerm extractEntry data/regions/DE.js
1202 silly gunzTarPerm modified mode [ 'data/regions/DE.js', 420, 438 ]
1203 silly gunzTarPerm extractEntry data/features/declarative-shadow-dom.js
1204 silly gunzTarPerm modified mode [ 'data/features/declarative-shadow-dom.js', 420, 438 ]
1205 silly gunzTarPerm extractEntry data/features/decorators.js
1206 silly gunzTarPerm modified mode [ 'data/features/decorators.js', 420, 438 ]
1207 silly gunzTarPerm extractEntry data/features/details.js
1208 silly gunzTarPerm modified mode [ 'data/features/details.js', 420, 438 ]
1209 silly gunzTarPerm extractEntry data/features/deviceorientation.js
1210 silly gunzTarPerm modified mode [ 'data/features/deviceorientation.js', 420, 438 ]
1211 silly gunzTarPerm extractEntry data/features/devicepixelratio.js
1212 silly gunzTarPerm modified mode [ 'data/features/devicepixelratio.js', 420, 438 ]
1213 silly gunzTarPerm extractEntry data/features/dialog.js
1214 silly gunzTarPerm modified mode [ 'data/features/dialog.js', 420, 438 ]
1215 silly gunzTarPerm extractEntry data/features/dispatchevent.js
1216 silly gunzTarPerm modified mode [ 'data/features/dispatchevent.js', 420, 438 ]
1217 silly gunzTarPerm extractEntry data/regions/DJ.js
1218 silly gunzTarPerm modified mode [ 'data/regions/DJ.js', 420, 438 ]
1219 silly gunzTarPerm extractEntry data/regions/DK.js
1220 silly gunzTarPerm modified mode [ 'data/regions/DK.js', 420, 438 ]
1221 silly gunzTarPerm extractEntry data/regions/DM.js
1222 silly gunzTarPerm modified mode [ 'data/regions/DM.js', 420, 438 ]
1223 silly gunzTarPerm extractEntry data/features/dnssec.js
1224 silly gunzTarPerm modified mode [ 'data/features/dnssec.js', 420, 438 ]
1225 silly gunzTarPerm extractEntry data/features/do-not-track.js
1226 silly gunzTarPerm modified mode [ 'data/features/do-not-track.js', 420, 438 ]
1227 silly gunzTarPerm extractEntry data/regions/DO.js
1228 silly gunzTarPerm modified mode [ 'data/regions/DO.js', 420, 438 ]
1229 silly gunzTarPerm extractEntry data/features/document-currentscript.js
1230 silly gunzTarPerm modified mode [ 'data/features/document-currentscript.js', 420, 438 ]
1231 silly gunzTarPerm extractEntry data/features/document-evaluate-xpath.js
1232 silly gunzTarPerm modified mode [ 'data/features/document-evaluate-xpath.js', 420, 438 ]
1233 silly gunzTarPerm extractEntry data/features/document-execcommand.js
1234 silly gunzTarPerm modified mode [ 'data/features/document-execcommand.js', 420, 438 ]
1235 silly gunzTarPerm extractEntry data/features/document-policy.js
1236 silly gunzTarPerm modified mode [ 'data/features/document-policy.js', 420, 438 ]
1237 silly gunzTarPerm extractEntry data/features/document-scrollingelement.js
1238 silly gunzTarPerm modified mode [ 'data/features/document-scrollingelement.js', 420, 438 ]
1239 silly gunzTarPerm extractEntry data/features/documenthead.js
1240 silly gunzTarPerm modified mode [ 'data/features/documenthead.js', 420, 438 ]
1241 silly gunzTarPerm extractEntry data/features/dom-manip-convenience.js
1242 silly gunzTarPerm modified mode [ 'data/features/dom-manip-convenience.js', 420, 438 ]
1243 silly gunzTarPerm extractEntry data/features/dom-range.js
1244 silly gunzTarPerm modified mode [ 'data/features/dom-range.js', 420, 438 ]
1245 silly gunzTarPerm extractEntry data/features/domcontentloaded.js
1246 silly gunzTarPerm modified mode [ 'data/features/domcontentloaded.js', 420, 438 ]
1247 silly gunzTarPerm extractEntry data/features/dommatrix.js
1248 silly gunzTarPerm modified mode [ 'data/features/dommatrix.js', 420, 438 ]
1249 silly gunzTarPerm extractEntry data/features/download.js
1250 silly gunzTarPerm modified mode [ 'data/features/download.js', 420, 438 ]
1251 silly gunzTarPerm extractEntry data/features/dragndrop.js
1252 silly gunzTarPerm modified mode [ 'data/features/dragndrop.js', 420, 438 ]
1253 silly gunzTarPerm extractEntry data/regions/DZ.js
1254 silly gunzTarPerm modified mode [ 'data/regions/DZ.js', 420, 438 ]
1255 silly gunzTarPerm extractEntry data/regions/EC.js
1256 silly gunzTarPerm modified mode [ 'data/regions/EC.js', 420, 438 ]
1257 silly gunzTarPerm extractEntry data/regions/EE.js
1258 silly gunzTarPerm modified mode [ 'data/regions/EE.js', 420, 438 ]
1259 silly gunzTarPerm extractEntry data/regions/EG.js
1260 silly gunzTarPerm modified mode [ 'data/regions/EG.js', 420, 438 ]
1261 silly gunzTarPerm extractEntry data/features/element-closest.js
1262 silly gunzTarPerm modified mode [ 'data/features/element-closest.js', 420, 438 ]
1263 silly gunzTarPerm extractEntry data/features/element-from-point.js
1264 silly gunzTarPerm modified mode [ 'data/features/element-from-point.js', 420, 438 ]
1265 silly gunzTarPerm extractEntry data/features/element-scroll-methods.js
1266 silly gunzTarPerm modified mode [ 'data/features/element-scroll-methods.js', 420, 438 ]
1267 silly gunzTarPerm extractEntry data/features/eme.js
1268 silly gunzTarPerm modified mode [ 'data/features/eme.js', 420, 438 ]
1269 silly gunzTarPerm extractEntry data/features/eot.js
1270 silly gunzTarPerm modified mode [ 'data/features/eot.js', 420, 438 ]
1271 silly gunzTarPerm extractEntry data/regions/ER.js
1272 silly gunzTarPerm modified mode [ 'data/regions/ER.js', 420, 438 ]
1273 silly gunzTarPerm extractEntry data/regions/ES.js
1274 silly gunzTarPerm modified mode [ 'data/regions/ES.js', 420, 438 ]
1275 silly gunzTarPerm extractEntry data/features/es5.js
1276 silly gunzTarPerm modified mode [ 'data/features/es5.js', 420, 438 ]
1277 silly gunzTarPerm extractEntry data/features/es6-class.js
1278 silly gunzTarPerm modified mode [ 'data/features/es6-class.js', 420, 438 ]
1279 silly gunzTarPerm extractEntry data/features/es6-generators.js
1280 silly gunzTarPerm modified mode [ 'data/features/es6-generators.js', 420, 438 ]
1281 silly gunzTarPerm extractEntry data/features/es6-module-dynamic-import.js
1282 silly gunzTarPerm modified mode [ 'data/features/es6-module-dynamic-import.js', 420, 438 ]
1283 silly gunzTarPerm extractEntry data/features/es6-module.js
1284 silly gunzTarPerm modified mode [ 'data/features/es6-module.js', 420, 438 ]
1285 silly gunzTarPerm extractEntry data/features/es6-number.js
1286 silly gunzTarPerm modified mode [ 'data/features/es6-number.js', 420, 438 ]
1287 silly gunzTarPerm extractEntry data/features/es6-string-includes.js
1288 silly gunzTarPerm modified mode [ 'data/features/es6-string-includes.js', 420, 438 ]
1289 silly gunzTarPerm extractEntry data/features/es6.js
1290 silly gunzTarPerm modified mode [ 'data/features/es6.js', 420, 438 ]
1291 silly gunzTarPerm extractEntry data/regions/ET.js
1292 silly gunzTarPerm modified mode [ 'data/regions/ET.js', 420, 438 ]
1293 silly gunzTarPerm extractEntry data/features/eventsource.js
1294 silly gunzTarPerm modified mode [ 'data/features/eventsource.js', 420, 438 ]
1295 silly gunzTarPerm extractEntry data/features/extended-system-fonts.js
1296 silly gunzTarPerm modified mode [ 'data/features/extended-system-fonts.js', 420, 438 ]
1297 silly gunzTarPerm extractEntry data/features/feature-policy.js
1298 silly gunzTarPerm modified mode [ 'data/features/feature-policy.js', 420, 438 ]
1299 silly gunzTarPerm extractEntry dist/unpacker/feature.js
1300 silly gunzTarPerm modified mode [ 'dist/unpacker/feature.js', 420, 438 ]
1301 silly gunzTarPerm extractEntry data/features.js
1302 silly gunzTarPerm modified mode [ 'data/features.js', 420, 438 ]
1303 silly gunzTarPerm extractEntry dist/unpacker/features.js
1304 silly gunzTarPerm modified mode [ 'dist/unpacker/features.js', 420, 438 ]
1305 silly gunzTarPerm extractEntry data/features/fetch.js
1306 silly gunzTarPerm modified mode [ 'data/features/fetch.js', 420, 438 ]
1307 silly gunzTarPerm extractEntry data/regions/FI.js
1308 silly gunzTarPerm modified mode [ 'data/regions/FI.js', 420, 438 ]
1309 silly gunzTarPerm extractEntry data/features/fieldset-disabled.js
1310 silly gunzTarPerm modified mode [ 'data/features/fieldset-disabled.js', 420, 438 ]
1311 silly gunzTarPerm extractEntry data/features/fileapi.js
1312 silly gunzTarPerm modified mode [ 'data/features/fileapi.js', 420, 438 ]
1313 silly gunzTarPerm extractEntry data/features/filereader.js
1314 silly gunzTarPerm modified mode [ 'data/features/filereader.js', 420, 438 ]
1315 silly gunzTarPerm extractEntry data/features/filereadersync.js
1316 silly gunzTarPerm modified mode [ 'data/features/filereadersync.js', 420, 438 ]
1317 silly gunzTarPerm extractEntry data/features/filesystem.js
1318 silly gunzTarPerm modified mode [ 'data/features/filesystem.js', 420, 438 ]
1319 silly gunzTarPerm extractEntry data/regions/FJ.js
1320 silly gunzTarPerm modified mode [ 'data/regions/FJ.js', 420, 438 ]
1321 silly gunzTarPerm extractEntry data/regions/FK.js
1322 silly gunzTarPerm modified mode [ 'data/regions/FK.js', 420, 438 ]
1323 silly gunzTarPerm extractEntry data/features/flac.js
1324 silly gunzTarPerm modified mode [ 'data/features/flac.js', 420, 438 ]
1325 silly gunzTarPerm extractEntry data/features/flexbox-gap.js
1326 silly gunzTarPerm modified mode [ 'data/features/flexbox-gap.js', 420, 438 ]
1327 silly gunzTarPerm extractEntry data/features/flexbox.js
1328 silly gunzTarPerm modified mode [ 'data/features/flexbox.js', 420, 438 ]
1329 silly gunzTarPerm extractEntry data/features/flow-root.js
1330 silly gunzTarPerm modified mode [ 'data/features/flow-root.js', 420, 438 ]
1331 silly gunzTarPerm extractEntry data/regions/FM.js
1332 silly gunzTarPerm modified mode [ 'data/regions/FM.js', 420, 438 ]
1333 silly gunzTarPerm extractEntry data/regions/FO.js
1334 silly gunzTarPerm modified mode [ 'data/regions/FO.js', 420, 438 ]
1335 silly gunzTarPerm extractEntry data/features/focusin-focusout-events.js
1336 silly gunzTarPerm modified mode [ 'data/features/focusin-focusout-events.js', 420, 438 ]
1337 silly gunzTarPerm extractEntry data/features/font-family-system-ui.js
1338 silly gunzTarPerm modified mode [ 'data/features/font-family-system-ui.js', 420, 438 ]
1339 silly gunzTarPerm extractEntry data/features/font-feature.js
1340 silly gunzTarPerm modified mode [ 'data/features/font-feature.js', 420, 438 ]
1341 silly gunzTarPerm extractEntry data/features/font-kerning.js
1342 silly gunzTarPerm modified mode [ 'data/features/font-kerning.js', 420, 438 ]
1343 silly gunzTarPerm extractEntry data/features/font-loading.js
1344 silly gunzTarPerm modified mode [ 'data/features/font-loading.js', 420, 438 ]
1345 silly gunzTarPerm extractEntry data/features/font-size-adjust.js
1346 silly gunzTarPerm modified mode [ 'data/features/font-size-adjust.js', 420, 438 ]
1347 silly gunzTarPerm extractEntry data/features/font-smooth.js
1348 silly gunzTarPerm modified mode [ 'data/features/font-smooth.js', 420, 438 ]
1349 silly gunzTarPerm extractEntry data/features/font-unicode-range.js
1350 silly gunzTarPerm modified mode [ 'data/features/font-unicode-range.js', 420, 438 ]
1351 silly gunzTarPerm extractEntry data/features/font-variant-alternates.js
1352 silly gunzTarPerm modified mode [ 'data/features/font-variant-alternates.js', 420, 438 ]
1353 silly gunzTarPerm extractEntry data/features/font-variant-numeric.js
1354 silly gunzTarPerm modified mode [ 'data/features/font-variant-numeric.js', 420, 438 ]
1355 silly gunzTarPerm extractEntry data/features/fontface.js
1356 silly gunzTarPerm modified mode [ 'data/features/fontface.js', 420, 438 ]
1357 silly gunzTarPerm extractEntry data/features/form-attribute.js
1358 silly gunzTarPerm modified mode [ 'data/features/form-attribute.js', 420, 438 ]
1359 silly gunzTarPerm extractEntry data/features/form-submit-attributes.js
1360 silly gunzTarPerm modified mode [ 'data/features/form-submit-attributes.js', 420, 438 ]
1361 silly gunzTarPerm extractEntry data/features/form-validation.js
1362 silly gunzTarPerm modified mode [ 'data/features/form-validation.js', 420, 438 ]
1363 silly gunzTarPerm extractEntry data/features/forms.js
1364 silly gunzTarPerm modified mode [ 'data/features/forms.js', 420, 438 ]
1365 silly gunzTarPerm extractEntry data/regions/FR.js
1366 silly gunzTarPerm modified mode [ 'data/regions/FR.js', 420, 438 ]
1367 silly gunzTarPerm extractEntry data/features/fullscreen.js
1368 silly gunzTarPerm modified mode [ 'data/features/fullscreen.js', 420, 438 ]
1369 silly gunzTarPerm extractEntry data/regions/GA.js
1370 silly gunzTarPerm modified mode [ 'data/regions/GA.js', 420, 438 ]
1371 silly gunzTarPerm extractEntry data/features/gamepad.js
1372 silly gunzTarPerm modified mode [ 'data/features/gamepad.js', 420, 438 ]
1373 silly gunzTarPerm extractEntry data/regions/GB.js
1374 silly gunzTarPerm modified mode [ 'data/regions/GB.js', 420, 438 ]
1375 silly gunzTarPerm extractEntry data/regions/GD.js
1376 silly gunzTarPerm modified mode [ 'data/regions/GD.js', 420, 438 ]
1377 silly gunzTarPerm extractEntry data/regions/GE.js
1378 silly gunzTarPerm modified mode [ 'data/regions/GE.js', 420, 438 ]
1379 silly gunzTarPerm extractEntry data/features/geolocation.js
1380 silly gunzTarPerm modified mode [ 'data/features/geolocation.js', 420, 438 ]
1381 silly gunzTarPerm extractEntry data/features/getboundingclientrect.js
1382 silly gunzTarPerm modified mode [ 'data/features/getboundingclientrect.js', 420, 438 ]
1383 silly gunzTarPerm extractEntry data/features/getcomputedstyle.js
1384 silly gunzTarPerm modified mode [ 'data/features/getcomputedstyle.js', 420, 438 ]
1385 silly gunzTarPerm extractEntry data/features/getelementsbyclassname.js
1386 silly gunzTarPerm modified mode [ 'data/features/getelementsbyclassname.js', 420, 438 ]
1387 silly gunzTarPerm extractEntry data/features/getrandomvalues.js
1388 silly gunzTarPerm modified mode [ 'data/features/getrandomvalues.js', 420, 438 ]
1389 silly gunzTarPerm extractEntry data/regions/GF.js
1390 silly gunzTarPerm modified mode [ 'data/regions/GF.js', 420, 438 ]
1391 silly gunzTarPerm extractEntry data/regions/GG.js
1392 silly gunzTarPerm modified mode [ 'data/regions/GG.js', 420, 438 ]
1393 silly gunzTarPerm extractEntry data/regions/GH.js
1394 silly gunzTarPerm modified mode [ 'data/regions/GH.js', 420, 438 ]
1395 silly gunzTarPerm extractEntry data/regions/GI.js
1396 silly gunzTarPerm modified mode [ 'data/regions/GI.js', 420, 438 ]
1397 silly gunzTarPerm extractEntry data/regions/GL.js
1398 silly gunzTarPerm modified mode [ 'data/regions/GL.js', 420, 438 ]
1399 silly gunzTarPerm extractEntry data/regions/GM.js
1400 silly gunzTarPerm modified mode [ 'data/regions/GM.js', 420, 438 ]
1401 silly gunzTarPerm extractEntry data/regions/GN.js
1402 silly gunzTarPerm modified mode [ 'data/regions/GN.js', 420, 438 ]
1403 silly gunzTarPerm extractEntry data/regions/GP.js
1404 silly gunzTarPerm modified mode [ 'data/regions/GP.js', 420, 438 ]
1405 silly gunzTarPerm extractEntry data/regions/GQ.js
1406 silly gunzTarPerm modified mode [ 'data/regions/GQ.js', 420, 438 ]
1407 silly gunzTarPerm extractEntry data/regions/GR.js
1408 silly gunzTarPerm modified mode [ 'data/regions/GR.js', 420, 438 ]
1409 silly gunzTarPerm extractEntry data/regions/GT.js
1410 silly gunzTarPerm modified mode [ 'data/regions/GT.js', 420, 438 ]
1411 silly gunzTarPerm extractEntry data/regions/GU.js
1412 silly gunzTarPerm modified mode [ 'data/regions/GU.js', 420, 438 ]
1413 silly gunzTarPerm extractEntry data/regions/GW.js
1414 silly gunzTarPerm modified mode [ 'data/regions/GW.js', 420, 438 ]
1415 silly gunzTarPerm extractEntry data/regions/GY.js
1416 silly gunzTarPerm modified mode [ 'data/regions/GY.js', 420, 438 ]
1417 silly gunzTarPerm extractEntry data/features/gyroscope.js
1418 silly gunzTarPerm modified mode [ 'data/features/gyroscope.js', 420, 438 ]
1419 silly gunzTarPerm extractEntry data/features/hardwareconcurrency.js
1420 silly gunzTarPerm modified mode [ 'data/features/hardwareconcurrency.js', 420, 438 ]
1421 silly gunzTarPerm extractEntry data/features/hashchange.js
1422 silly gunzTarPerm modified mode [ 'data/features/hashchange.js', 420, 438 ]
1423 silly gunzTarPerm extractEntry data/features/heif.js
1424 silly gunzTarPerm modified mode [ 'data/features/heif.js', 420, 438 ]
1425 silly gunzTarPerm extractEntry data/features/hevc.js
1426 silly gunzTarPerm modified mode [ 'data/features/hevc.js', 420, 438 ]
1427 silly gunzTarPerm extractEntry data/features/hidden.js
1428 silly gunzTarPerm modified mode [ 'data/features/hidden.js', 420, 438 ]
1429 silly gunzTarPerm extractEntry data/features/high-resolution-time.js
1430 silly gunzTarPerm modified mode [ 'data/features/high-resolution-time.js', 420, 438 ]
1431 silly gunzTarPerm extractEntry data/features/history.js
1432 silly gunzTarPerm modified mode [ 'data/features/history.js', 420, 438 ]
1433 silly gunzTarPerm extractEntry data/regions/HK.js
1434 silly gunzTarPerm modified mode [ 'data/regions/HK.js', 420, 438 ]
1435 silly gunzTarPerm extractEntry data/regions/HN.js
1436 silly gunzTarPerm modified mode [ 'data/regions/HN.js', 420, 438 ]
1437 silly gunzTarPerm extractEntry data/regions/HR.js
1438 silly gunzTarPerm modified mode [ 'data/regions/HR.js', 420, 438 ]
1439 silly gunzTarPerm extractEntry data/regions/HT.js
1440 silly gunzTarPerm modified mode [ 'data/regions/HT.js', 420, 438 ]
1441 silly gunzTarPerm extractEntry data/features/html-media-capture.js
1442 silly gunzTarPerm modified mode [ 'data/features/html-media-capture.js', 420, 438 ]
1443 silly gunzTarPerm extractEntry data/features/html5semantic.js
1444 silly gunzTarPerm modified mode [ 'data/features/html5semantic.js', 420, 438 ]
1445 silly gunzTarPerm extractEntry data/features/http-live-streaming.js
1446 silly gunzTarPerm modified mode [ 'data/features/http-live-streaming.js', 420, 438 ]
1447 silly gunzTarPerm extractEntry data/features/http2.js
1448 silly gunzTarPerm modified mode [ 'data/features/http2.js', 420, 438 ]
1449 silly gunzTarPerm extractEntry data/features/http3.js
1450 silly gunzTarPerm modified mode [ 'data/features/http3.js', 420, 438 ]
1451 silly gunzTarPerm extractEntry data/regions/HU.js
1452 silly gunzTarPerm modified mode [ 'data/regions/HU.js', 420, 438 ]
1453 silly gunzTarPerm extractEntry data/regions/ID.js
1454 silly gunzTarPerm modified mode [ 'data/regions/ID.js', 420, 438 ]
1455 silly gunzTarPerm extractEntry data/regions/IE.js
1456 silly gunzTarPerm modified mode [ 'data/regions/IE.js', 420, 438 ]
1457 silly gunzTarPerm extractEntry data/features/iframe-sandbox.js
1458 silly gunzTarPerm modified mode [ 'data/features/iframe-sandbox.js', 420, 438 ]
1459 silly gunzTarPerm extractEntry data/features/iframe-seamless.js
1460 silly gunzTarPerm modified mode [ 'data/features/iframe-seamless.js', 420, 438 ]
1461 silly gunzTarPerm extractEntry data/features/iframe-srcdoc.js
1462 silly gunzTarPerm modified mode [ 'data/features/iframe-srcdoc.js', 420, 438 ]
1463 silly gunzTarPerm extractEntry data/regions/IL.js
1464 silly gunzTarPerm modified mode [ 'data/regions/IL.js', 420, 438 ]
1465 silly gunzTarPerm extractEntry data/regions/IM.js
1466 silly gunzTarPerm modified mode [ 'data/regions/IM.js', 420, 438 ]
1467 silly gunzTarPerm extractEntry data/features/imagecapture.js
1468 silly gunzTarPerm modified mode [ 'data/features/imagecapture.js', 420, 438 ]
1469 silly gunzTarPerm extractEntry data/features/ime.js
1470 silly gunzTarPerm modified mode [ 'data/features/ime.js', 420, 438 ]
1471 silly gunzTarPerm extractEntry data/features/img-naturalwidth-naturalheight.js
1472 silly gunzTarPerm modified mode [ 'data/features/img-naturalwidth-naturalheight.js', 420, 438 ]
1473 silly gunzTarPerm extractEntry data/features/import-maps.js
1474 silly gunzTarPerm modified mode [ 'data/features/import-maps.js', 420, 438 ]
1475 silly gunzTarPerm extractEntry data/features/imports.js
1476 silly gunzTarPerm modified mode [ 'data/features/imports.js', 420, 438 ]
1477 silly gunzTarPerm extractEntry data/regions/IN.js
1478 silly gunzTarPerm modified mode [ 'data/regions/IN.js', 420, 438 ]
1479 silly gunzTarPerm extractEntry data/features/indeterminate-checkbox.js
1480 silly gunzTarPerm modified mode [ 'data/features/indeterminate-checkbox.js', 420, 438 ]
1481 silly gunzTarPerm extractEntry dist/unpacker/index.js
1482 silly gunzTarPerm modified mode [ 'dist/unpacker/index.js', 420, 438 ]
1483 silly gunzTarPerm extractEntry data/features/indexeddb.js
1484 silly gunzTarPerm modified mode [ 'data/features/indexeddb.js', 420, 438 ]
1485 silly gunzTarPerm extractEntry data/features/indexeddb2.js
1486 silly gunzTarPerm modified mode [ 'data/features/indexeddb2.js', 420, 438 ]
1487 silly gunzTarPerm extractEntry data/features/inline-block.js
1488 silly gunzTarPerm modified mode [ 'data/features/inline-block.js', 420, 438 ]
1489 silly gunzTarPerm extractEntry data/features/innertext.js
1490 silly gunzTarPerm modified mode [ 'data/features/innertext.js', 420, 438 ]
1491 silly gunzTarPerm extractEntry data/features/input-autocomplete-onoff.js
1492 silly gunzTarPerm modified mode [ 'data/features/input-autocomplete-onoff.js', 420, 438 ]
1493 silly gunzTarPerm extractEntry data/features/input-color.js
1494 silly gunzTarPerm modified mode [ 'data/features/input-color.js', 420, 438 ]
1495 silly gunzTarPerm extractEntry data/features/input-datetime.js
1496 silly gunzTarPerm modified mode [ 'data/features/input-datetime.js', 420, 438 ]
1497 silly gunzTarPerm extractEntry data/features/input-email-tel-url.js
1498 silly gunzTarPerm modified mode [ 'data/features/input-email-tel-url.js', 420, 438 ]
1499 silly gunzTarPerm extractEntry data/features/input-event.js
1500 silly gunzTarPerm modified mode [ 'data/features/input-event.js', 420, 438 ]
1501 silly gunzTarPerm extractEntry data/features/input-file-accept.js
1502 silly gunzTarPerm modified mode [ 'data/features/input-file-accept.js', 420, 438 ]
1503 silly gunzTarPerm extractEntry data/features/input-file-directory.js
1504 silly gunzTarPerm modified mode [ 'data/features/input-file-directory.js', 420, 438 ]
1505 silly gunzTarPerm extractEntry data/features/input-file-multiple.js
1506 silly gunzTarPerm modified mode [ 'data/features/input-file-multiple.js', 420, 438 ]
1507 silly gunzTarPerm extractEntry data/features/input-inputmode.js
1508 silly gunzTarPerm modified mode [ 'data/features/input-inputmode.js', 420, 438 ]
1509 silly gunzTarPerm extractEntry data/features/input-minlength.js
1510 silly gunzTarPerm modified mode [ 'data/features/input-minlength.js', 420, 438 ]
1511 silly gunzTarPerm extractEntry data/features/input-number.js
1512 silly gunzTarPerm modified mode [ 'data/features/input-number.js', 420, 438 ]
1513 silly gunzTarPerm extractEntry data/features/input-pattern.js
1514 silly gunzTarPerm modified mode [ 'data/features/input-pattern.js', 420, 438 ]
1515 silly gunzTarPerm extractEntry data/features/input-placeholder.js
1516 silly gunzTarPerm modified mode [ 'data/features/input-placeholder.js', 420, 438 ]
1517 silly gunzTarPerm extractEntry data/features/input-range.js
1518 silly gunzTarPerm modified mode [ 'data/features/input-range.js', 420, 438 ]
1519 silly gunzTarPerm extractEntry data/features/input-search.js
1520 silly gunzTarPerm modified mode [ 'data/features/input-search.js', 420, 438 ]
1521 silly gunzTarPerm extractEntry data/features/input-selection.js
1522 silly gunzTarPerm modified mode [ 'data/features/input-selection.js', 420, 438 ]
1523 silly gunzTarPerm extractEntry data/features/insert-adjacent.js
1524 silly gunzTarPerm modified mode [ 'data/features/insert-adjacent.js', 420, 438 ]
1525 silly gunzTarPerm extractEntry data/features/insertadjacenthtml.js
1526 silly gunzTarPerm modified mode [ 'data/features/insertadjacenthtml.js', 420, 438 ]
1527 silly gunzTarPerm extractEntry data/features/internationalization.js
1528 silly gunzTarPerm modified mode [ 'data/features/internationalization.js', 420, 438 ]
1529 silly gunzTarPerm extractEntry data/features/intersectionobserver-v2.js
1530 silly gunzTarPerm modified mode [ 'data/features/intersectionobserver-v2.js', 420, 438 ]
1531 silly gunzTarPerm extractEntry data/features/intersectionobserver.js
1532 silly gunzTarPerm modified mode [ 'data/features/intersectionobserver.js', 420, 438 ]
1533 silly gunzTarPerm extractEntry data/features/intl-pluralrules.js
1534 silly gunzTarPerm modified mode [ 'data/features/intl-pluralrules.js', 420, 438 ]
1535 silly gunzTarPerm extractEntry data/features/intrinsic-width.js
1536 silly gunzTarPerm modified mode [ 'data/features/intrinsic-width.js', 420, 438 ]
1537 silly gunzTarPerm extractEntry data/regions/IQ.js
1538 silly gunzTarPerm modified mode [ 'data/regions/IQ.js', 420, 438 ]
1539 silly gunzTarPerm extractEntry data/regions/IR.js
1540 silly gunzTarPerm modified mode [ 'data/regions/IR.js', 420, 438 ]
1541 silly gunzTarPerm extractEntry data/regions/IS.js
1542 silly gunzTarPerm modified mode [ 'data/regions/IS.js', 420, 438 ]
1543 silly gunzTarPerm extractEntry data/regions/IT.js
1544 silly gunzTarPerm modified mode [ 'data/regions/IT.js', 420, 438 ]
1545 silly gunzTarPerm extractEntry data/regions/JE.js
1546 silly gunzTarPerm modified mode [ 'data/regions/JE.js', 420, 438 ]
1547 silly gunzTarPerm extractEntry data/regions/JM.js
1548 silly gunzTarPerm modified mode [ 'data/regions/JM.js', 420, 438 ]
1549 silly gunzTarPerm extractEntry data/regions/JO.js
1550 silly gunzTarPerm modified mode [ 'data/regions/JO.js', 420, 438 ]
1551 silly gunzTarPerm extractEntry data/regions/JP.js
1552 silly gunzTarPerm modified mode [ 'data/regions/JP.js', 420, 438 ]
1553 silly gunzTarPerm extractEntry data/features/jpeg2000.js
1554 silly gunzTarPerm modified mode [ 'data/features/jpeg2000.js', 420, 438 ]
1555 silly gunzTarPerm extractEntry data/features/jpegxl.js
1556 silly gunzTarPerm modified mode [ 'data/features/jpegxl.js', 420, 438 ]
1557 silly gunzTarPerm extractEntry data/features/jpegxr.js
1558 silly gunzTarPerm modified mode [ 'data/features/jpegxr.js', 420, 438 ]
1559 silly gunzTarPerm extractEntry data/features/js-regexp-lookbehind.js
1560 silly gunzTarPerm modified mode [ 'data/features/js-regexp-lookbehind.js', 420, 438 ]
1561 silly gunzTarPerm extractEntry data/features/json.js
1562 silly gunzTarPerm modified mode [ 'data/features/json.js', 420, 438 ]
1563 silly gunzTarPerm extractEntry data/features/justify-content-space-evenly.js
1564 silly gunzTarPerm modified mode [ 'data/features/justify-content-space-evenly.js', 420, 438 ]
1565 silly gunzTarPerm extractEntry data/regions/KE.js
1566 silly gunzTarPerm modified mode [ 'data/regions/KE.js', 420, 438 ]
1567 silly gunzTarPerm extractEntry data/features/kerning-pairs-ligatures.js
1568 silly gunzTarPerm modified mode [ 'data/features/kerning-pairs-ligatures.js', 420, 438 ]
1569 silly gunzTarPerm extractEntry data/features/keyboardevent-charcode.js
1570 silly gunzTarPerm modified mode [ 'data/features/keyboardevent-charcode.js', 420, 438 ]
1571 silly gunzTarPerm extractEntry data/features/keyboardevent-code.js
1572 silly gunzTarPerm modified mode [ 'data/features/keyboardevent-code.js', 420, 438 ]
1573 silly gunzTarPerm extractEntry data/features/keyboardevent-getmodifierstate.js
1574 silly gunzTarPerm modified mode [ 'data/features/keyboardevent-getmodifierstate.js', 420, 438 ]
1575 silly gunzTarPerm extractEntry data/features/keyboardevent-key.js
1576 silly gunzTarPerm modified mode [ 'data/features/keyboardevent-key.js', 420, 438 ]
1577 silly gunzTarPerm extractEntry data/features/keyboardevent-location.js
1578 silly gunzTarPerm modified mode [ 'data/features/keyboardevent-location.js', 420, 438 ]
1579 silly gunzTarPerm extractEntry data/features/keyboardevent-which.js
1580 silly gunzTarPerm modified mode [ 'data/features/keyboardevent-which.js', 420, 438 ]
1581 silly gunzTarPerm extractEntry data/regions/KG.js
1582 silly gunzTarPerm modified mode [ 'data/regions/KG.js', 420, 438 ]
1583 silly gunzTarPerm extractEntry data/regions/KH.js
1584 silly gunzTarPerm modified mode [ 'data/regions/KH.js', 420, 438 ]
1585 silly gunzTarPerm extractEntry data/regions/KI.js
1586 silly gunzTarPerm modified mode [ 'data/regions/KI.js', 420, 438 ]
1587 silly gunzTarPerm extractEntry data/regions/KM.js
1588 silly gunzTarPerm modified mode [ 'data/regions/KM.js', 420, 438 ]
1589 silly gunzTarPerm extractEntry data/regions/KN.js
1590 silly gunzTarPerm modified mode [ 'data/regions/KN.js', 420, 438 ]
1591 silly gunzTarPerm extractEntry data/regions/KP.js
1592 silly gunzTarPerm modified mode [ 'data/regions/KP.js', 420, 438 ]
1593 silly gunzTarPerm extractEntry data/regions/KR.js
1594 silly gunzTarPerm modified mode [ 'data/regions/KR.js', 420, 438 ]
1595 silly gunzTarPerm extractEntry data/regions/KW.js
1596 silly gunzTarPerm modified mode [ 'data/regions/KW.js', 420, 438 ]
1597 silly gunzTarPerm extractEntry data/regions/KY.js
1598 silly gunzTarPerm modified mode [ 'data/regions/KY.js', 420, 438 ]
1599 silly gunzTarPerm extractEntry data/regions/KZ.js
1600 silly gunzTarPerm modified mode [ 'data/regions/KZ.js', 420, 438 ]
1601 silly gunzTarPerm extractEntry data/regions/LA.js
1602 silly gunzTarPerm modified mode [ 'data/regions/LA.js', 420, 438 ]
1603 silly gunzTarPerm extractEntry data/features/lazyload.js
1604 silly gunzTarPerm modified mode [ 'data/features/lazyload.js', 420, 438 ]
1605 silly gunzTarPerm extractEntry data/regions/LB.js
1606 silly gunzTarPerm modified mode [ 'data/regions/LB.js', 420, 438 ]
1607 silly gunzTarPerm extractEntry data/regions/LC.js
1608 silly gunzTarPerm modified mode [ 'data/regions/LC.js', 420, 438 ]
1609 silly gunzTarPerm extractEntry data/features/let.js
1610 silly gunzTarPerm modified mode [ 'data/features/let.js', 420, 438 ]
1611 silly gunzTarPerm extractEntry data/regions/LI.js
1612 silly gunzTarPerm modified mode [ 'data/regions/LI.js', 420, 438 ]
1613 silly gunzTarPerm extractEntry data/features/link-icon-png.js
1614 silly gunzTarPerm modified mode [ 'data/features/link-icon-png.js', 420, 438 ]
1615 silly gunzTarPerm extractEntry data/features/link-icon-svg.js
1616 silly gunzTarPerm modified mode [ 'data/features/link-icon-svg.js', 420, 438 ]
1617 silly gunzTarPerm extractEntry data/features/link-rel-dns-prefetch.js
1618 silly gunzTarPerm modified mode [ 'data/features/link-rel-dns-prefetch.js', 420, 438 ]
1619 silly gunzTarPerm extractEntry data/features/link-rel-modulepreload.js
1620 silly gunzTarPerm modified mode [ 'data/features/link-rel-modulepreload.js', 420, 438 ]
1621 silly gunzTarPerm extractEntry data/features/link-rel-preconnect.js
1622 silly gunzTarPerm modified mode [ 'data/features/link-rel-preconnect.js', 420, 438 ]
1623 silly gunzTarPerm extractEntry data/features/link-rel-prefetch.js
1624 silly gunzTarPerm modified mode [ 'data/features/link-rel-prefetch.js', 420, 438 ]
1625 silly gunzTarPerm extractEntry data/features/link-rel-preload.js
1626 silly gunzTarPerm modified mode [ 'data/features/link-rel-preload.js', 420, 438 ]
1627 silly gunzTarPerm extractEntry data/features/link-rel-prerender.js
1628 silly gunzTarPerm modified mode [ 'data/features/link-rel-prerender.js', 420, 438 ]
1629 silly gunzTarPerm extractEntry data/regions/LK.js
1630 silly gunzTarPerm modified mode [ 'data/regions/LK.js', 420, 438 ]
1631 silly gunzTarPerm extractEntry data/features/loading-lazy-attr.js
1632 silly gunzTarPerm modified mode [ 'data/features/loading-lazy-attr.js', 420, 438 ]
1633 silly gunzTarPerm extractEntry data/features/loading-lazy-media.js
1634 silly gunzTarPerm modified mode [ 'data/features/loading-lazy-media.js', 420, 438 ]
1635 silly gunzTarPerm extractEntry data/features/localecompare.js
1636 silly gunzTarPerm modified mode [ 'data/features/localecompare.js', 420, 438 ]
1637 silly gunzTarPerm extractEntry data/regions/LR.js
1638 silly gunzTarPerm modified mode [ 'data/regions/LR.js', 420, 438 ]
1639 silly gunzTarPerm extractEntry data/regions/LS.js
1640 silly gunzTarPerm modified mode [ 'data/regions/LS.js', 420, 438 ]
1641 silly gunzTarPerm extractEntry data/regions/LT.js
1642 silly gunzTarPerm modified mode [ 'data/regions/LT.js', 420, 438 ]
1643 silly gunzTarPerm extractEntry data/regions/LU.js
1644 silly gunzTarPerm modified mode [ 'data/regions/LU.js', 420, 438 ]
1645 silly gunzTarPerm extractEntry data/regions/LV.js
1646 silly gunzTarPerm modified mode [ 'data/regions/LV.js', 420, 438 ]
1647 silly gunzTarPerm extractEntry data/regions/LY.js
1648 silly gunzTarPerm modified mode [ 'data/regions/LY.js', 420, 438 ]
1649 silly gunzTarPerm extractEntry data/regions/MA.js
1650 silly gunzTarPerm modified mode [ 'data/regions/MA.js', 420, 438 ]
1651 silly gunzTarPerm extractEntry data/features/magnetometer.js
1652 silly gunzTarPerm modified mode [ 'data/features/magnetometer.js', 420, 438 ]
1653 silly gunzTarPerm extractEntry data/features/matchesselector.js
1654 silly gunzTarPerm modified mode [ 'data/features/matchesselector.js', 420, 438 ]
1655 silly gunzTarPerm extractEntry data/features/matchmedia.js
1656 silly gunzTarPerm modified mode [ 'data/features/matchmedia.js', 420, 438 ]
1657 silly gunzTarPerm extractEntry data/features/mathml.js
1658 silly gunzTarPerm modified mode [ 'data/features/mathml.js', 420, 438 ]
1659 silly gunzTarPerm extractEntry data/features/maxlength.js
1660 silly gunzTarPerm modified mode [ 'data/features/maxlength.js', 420, 438 ]
1661 silly gunzTarPerm extractEntry data/regions/MC.js
1662 silly gunzTarPerm modified mode [ 'data/regions/MC.js', 420, 438 ]
1663 silly gunzTarPerm extractEntry data/regions/MD.js
1664 silly gunzTarPerm modified mode [ 'data/regions/MD.js', 420, 438 ]
1665 silly gunzTarPerm extractEntry data/features/mdn-css-backdrop-pseudo-element.js
1666 silly gunzTarPerm modified mode [ 'data/features/mdn-css-backdrop-pseudo-element.js', 420, 438 ]
1667 silly gunzTarPerm extractEntry data/features/mdn-css-unicode-bidi-isolate-override.js
1668 silly gunzTarPerm modified mode [ 'data/features/mdn-css-unicode-bidi-isolate-override.js', 420, 438 ]
1669 silly gunzTarPerm extractEntry data/features/mdn-css-unicode-bidi-isolate.js
1670 silly gunzTarPerm modified mode [ 'data/features/mdn-css-unicode-bidi-isolate.js', 420, 438 ]
1671 silly gunzTarPerm extractEntry data/features/mdn-css-unicode-bidi-plaintext.js
1672 silly gunzTarPerm modified mode [ 'data/features/mdn-css-unicode-bidi-plaintext.js', 420, 438 ]
1673 silly gunzTarPerm extractEntry data/features/mdn-text-decoration-color.js
1674 silly gunzTarPerm modified mode [ 'data/features/mdn-text-decoration-color.js', 420, 438 ]
1675 silly gunzTarPerm extractEntry data/features/mdn-text-decoration-line.js
1676 silly gunzTarPerm modified mode [ 'data/features/mdn-text-decoration-line.js', 420, 438 ]
1677 silly gunzTarPerm extractEntry data/features/mdn-text-decoration-shorthand.js
1678 silly gunzTarPerm modified mode [ 'data/features/mdn-text-decoration-shorthand.js', 420, 438 ]
1679 silly gunzTarPerm extractEntry data/features/mdn-text-decoration-style.js
1680 silly gunzTarPerm modified mode [ 'data/features/mdn-text-decoration-style.js', 420, 438 ]
1681 silly gunzTarPerm extractEntry data/regions/ME.js
1682 silly gunzTarPerm modified mode [ 'data/regions/ME.js', 420, 438 ]
1683 silly gunzTarPerm extractEntry data/features/media-fragments.js
1684 silly gunzTarPerm modified mode [ 'data/features/media-fragments.js', 420, 438 ]
1685 silly gunzTarPerm extractEntry data/features/mediacapture-fromelement.js
1686 silly gunzTarPerm modified mode [ 'data/features/mediacapture-fromelement.js', 420, 438 ]
1687 silly gunzTarPerm extractEntry data/features/mediarecorder.js
1688 silly gunzTarPerm modified mode [ 'data/features/mediarecorder.js', 420, 438 ]
1689 silly gunzTarPerm extractEntry data/features/mediasource.js
1690 silly gunzTarPerm modified mode [ 'data/features/mediasource.js', 420, 438 ]
1691 silly gunzTarPerm extractEntry data/features/menu.js
1692 silly gunzTarPerm modified mode [ 'data/features/menu.js', 420, 438 ]
1693 silly gunzTarPerm extractEntry data/features/meta-theme-color.js
1694 silly gunzTarPerm modified mode [ 'data/features/meta-theme-color.js', 420, 438 ]
1695 silly gunzTarPerm extractEntry data/features/meter.js
1696 silly gunzTarPerm modified mode [ 'data/features/meter.js', 420, 438 ]
1697 silly gunzTarPerm extractEntry data/regions/MG.js
1698 silly gunzTarPerm modified mode [ 'data/regions/MG.js', 420, 438 ]
1699 silly gunzTarPerm extractEntry data/regions/MH.js
1700 silly gunzTarPerm modified mode [ 'data/regions/MH.js', 420, 438 ]
1701 silly gunzTarPerm extractEntry data/features/midi.js
1702 silly gunzTarPerm modified mode [ 'data/features/midi.js', 420, 438 ]
1703 silly gunzTarPerm extractEntry data/features/minmaxwh.js
1704 silly gunzTarPerm modified mode [ 'data/features/minmaxwh.js', 420, 438 ]
1705 silly gunzTarPerm extractEntry data/regions/MK.js
1706 silly gunzTarPerm modified mode [ 'data/regions/MK.js', 420, 438 ]
1707 silly gunzTarPerm extractEntry data/regions/ML.js
1708 silly gunzTarPerm modified mode [ 'data/regions/ML.js', 420, 438 ]
1709 silly gunzTarPerm extractEntry data/regions/MM.js
1710 silly gunzTarPerm modified mode [ 'data/regions/MM.js', 420, 438 ]
1711 silly gunzTarPerm extractEntry data/regions/MN.js
1712 silly gunzTarPerm modified mode [ 'data/regions/MN.js', 420, 438 ]
1713 silly gunzTarPerm extractEntry data/regions/MO.js
1714 silly gunzTarPerm modified mode [ 'data/regions/MO.js', 420, 438 ]
1715 silly gunzTarPerm extractEntry data/regions/MP.js
1716 silly gunzTarPerm modified mode [ 'data/regions/MP.js', 420, 438 ]
1717 silly gunzTarPerm extractEntry data/features/mp3.js
1718 silly gunzTarPerm modified mode [ 'data/features/mp3.js', 420, 438 ]
1719 silly gunzTarPerm extractEntry data/features/mpeg-dash.js
1720 silly gunzTarPerm modified mode [ 'data/features/mpeg-dash.js', 420, 438 ]
1721 silly gunzTarPerm extractEntry data/features/mpeg4.js
1722 silly gunzTarPerm modified mode [ 'data/features/mpeg4.js', 420, 438 ]
1723 silly gunzTarPerm extractEntry data/regions/MQ.js
1724 silly gunzTarPerm modified mode [ 'data/regions/MQ.js', 420, 438 ]
1725 silly gunzTarPerm extractEntry data/regions/MR.js
1726 silly gunzTarPerm modified mode [ 'data/regions/MR.js', 420, 438 ]
1727 silly gunzTarPerm extractEntry data/regions/MS.js
1728 silly gunzTarPerm modified mode [ 'data/regions/MS.js', 420, 438 ]
1729 silly gunzTarPerm extractEntry data/regions/MT.js
1730 silly gunzTarPerm modified mode [ 'data/regions/MT.js', 420, 438 ]
1731 silly gunzTarPerm extractEntry data/regions/MU.js
1732 silly gunzTarPerm modified mode [ 'data/regions/MU.js', 420, 438 ]
1733 silly gunzTarPerm extractEntry data/features/multibackgrounds.js
1734 silly gunzTarPerm modified mode [ 'data/features/multibackgrounds.js', 420, 438 ]
1735 silly gunzTarPerm extractEntry data/features/multicolumn.js
1736 silly gunzTarPerm modified mode [ 'data/features/multicolumn.js', 420, 438 ]
1737 silly gunzTarPerm extractEntry data/features/mutation-events.js
1738 silly gunzTarPerm modified mode [ 'data/features/mutation-events.js', 420, 438 ]
1739 silly gunzTarPerm extractEntry data/features/mutationobserver.js
1740 silly gunzTarPerm modified mode [ 'data/features/mutationobserver.js', 420, 438 ]
1741 silly gunzTarPerm extractEntry data/regions/MV.js
1742 silly gunzTarPerm modified mode [ 'data/regions/MV.js', 420, 438 ]
1743 silly gunzTarPerm extractEntry data/regions/MW.js
1744 silly gunzTarPerm modified mode [ 'data/regions/MW.js', 420, 438 ]
1745 silly gunzTarPerm extractEntry data/regions/MX.js
1746 silly gunzTarPerm modified mode [ 'data/regions/MX.js', 420, 438 ]
1747 silly gunzTarPerm extractEntry data/regions/MY.js
1748 silly gunzTarPerm modified mode [ 'data/regions/MY.js', 420, 438 ]
1749 silly gunzTarPerm extractEntry data/regions/MZ.js
1750 silly gunzTarPerm modified mode [ 'data/regions/MZ.js', 420, 438 ]
1751 silly gunzTarPerm extractEntry data/regions/NA.js
1752 silly gunzTarPerm modified mode [ 'data/regions/NA.js', 420, 438 ]
1753 silly gunzTarPerm extractEntry data/features/namevalue-storage.js
1754 silly gunzTarPerm modified mode [ 'data/features/namevalue-storage.js', 420, 438 ]
1755 silly gunzTarPerm extractEntry data/features/native-filesystem-api.js
1756 silly gunzTarPerm modified mode [ 'data/features/native-filesystem-api.js', 420, 438 ]
1757 silly gunzTarPerm extractEntry data/features/nav-timing.js
1758 silly gunzTarPerm modified mode [ 'data/features/nav-timing.js', 420, 438 ]
1759 silly gunzTarPerm extractEntry data/regions/NC.js
1760 silly gunzTarPerm modified mode [ 'data/regions/NC.js', 420, 438 ]
1761 silly gunzTarPerm extractEntry data/regions/NE.js
1762 silly gunzTarPerm modified mode [ 'data/regions/NE.js', 420, 438 ]
1763 silly gunzTarPerm extractEntry data/features/netinfo.js
1764 silly gunzTarPerm modified mode [ 'data/features/netinfo.js', 420, 438 ]
1765 silly gunzTarPerm extractEntry data/regions/NF.js
1766 silly gunzTarPerm modified mode [ 'data/regions/NF.js', 420, 438 ]
1767 silly gunzTarPerm extractEntry data/regions/NG.js
1768 silly gunzTarPerm modified mode [ 'data/regions/NG.js', 420, 438 ]
1769 silly gunzTarPerm extractEntry data/regions/NI.js
1770 silly gunzTarPerm modified mode [ 'data/regions/NI.js', 420, 438 ]
1771 silly gunzTarPerm extractEntry data/regions/NL.js
1772 silly gunzTarPerm modified mode [ 'data/regions/NL.js', 420, 438 ]
1773 silly gunzTarPerm extractEntry data/regions/NO.js
1774 silly gunzTarPerm modified mode [ 'data/regions/NO.js', 420, 438 ]
1775 silly gunzTarPerm extractEntry data/features/notifications.js
1776 silly gunzTarPerm modified mode [ 'data/features/notifications.js', 420, 438 ]
1777 silly gunzTarPerm extractEntry data/regions/NP.js
1778 silly gunzTarPerm modified mode [ 'data/regions/NP.js', 420, 438 ]
1779 silly gunzTarPerm extractEntry data/regions/NR.js
1780 silly gunzTarPerm modified mode [ 'data/regions/NR.js', 420, 438 ]
1781 silly gunzTarPerm extractEntry data/regions/NU.js
1782 silly gunzTarPerm modified mode [ 'data/regions/NU.js', 420, 438 ]
1783 silly gunzTarPerm extractEntry data/regions/NZ.js
1784 silly gunzTarPerm modified mode [ 'data/regions/NZ.js', 420, 438 ]
1785 silly gunzTarPerm extractEntry data/features/object-entries.js
1786 silly gunzTarPerm modified mode [ 'data/features/object-entries.js', 420, 438 ]
1787 silly gunzTarPerm extractEntry data/features/object-fit.js
1788 silly gunzTarPerm modified mode [ 'data/features/object-fit.js', 420, 438 ]
1789 silly gunzTarPerm extractEntry data/features/object-observe.js
1790 silly gunzTarPerm modified mode [ 'data/features/object-observe.js', 420, 438 ]
1791 silly gunzTarPerm extractEntry data/features/object-values.js
1792 silly gunzTarPerm modified mode [ 'data/features/object-values.js', 420, 438 ]
1793 silly gunzTarPerm extractEntry data/features/objectrtc.js
1794 silly gunzTarPerm modified mode [ 'data/features/objectrtc.js', 420, 438 ]
1795 silly gunzTarPerm extractEntry data/features/offline-apps.js
1796 silly gunzTarPerm modified mode [ 'data/features/offline-apps.js', 420, 438 ]
1797 silly gunzTarPerm extractEntry data/features/offscreencanvas.js
1798 silly gunzTarPerm modified mode [ 'data/features/offscreencanvas.js', 420, 438 ]
1799 silly gunzTarPerm extractEntry data/features/ogg-vorbis.js
1800 silly gunzTarPerm modified mode [ 'data/features/ogg-vorbis.js', 420, 438 ]
1801 silly gunzTarPerm extractEntry data/features/ogv.js
1802 silly gunzTarPerm modified mode [ 'data/features/ogv.js', 420, 438 ]
1803 silly gunzTarPerm extractEntry data/features/ol-reversed.js
1804 silly gunzTarPerm modified mode [ 'data/features/ol-reversed.js', 420, 438 ]
1805 silly gunzTarPerm extractEntry data/regions/OM.js
1806 silly gunzTarPerm modified mode [ 'data/regions/OM.js', 420, 438 ]
1807 silly gunzTarPerm extractEntry data/features/once-event-listener.js
1808 silly gunzTarPerm modified mode [ 'data/features/once-event-listener.js', 420, 438 ]
1809 silly gunzTarPerm extractEntry data/features/online-status.js
1810 silly gunzTarPerm modified mode [ 'data/features/online-status.js', 420, 438 ]
1811 silly gunzTarPerm extractEntry data/features/opus.js
1812 silly gunzTarPerm modified mode [ 'data/features/opus.js', 420, 438 ]
1813 silly gunzTarPerm extractEntry data/features/orientation-sensor.js
1814 silly gunzTarPerm modified mode [ 'data/features/orientation-sensor.js', 420, 438 ]
1815 silly gunzTarPerm extractEntry data/features/outline.js
1816 silly gunzTarPerm modified mode [ 'data/features/outline.js', 420, 438 ]
1817 silly gunzTarPerm extractEntry data/regions/PA.js
1818 silly gunzTarPerm modified mode [ 'data/regions/PA.js', 420, 438 ]
1819 silly gunzTarPerm extractEntry data/features/pad-start-end.js
1820 silly gunzTarPerm modified mode [ 'data/features/pad-start-end.js', 420, 438 ]
1821 silly gunzTarPerm extractEntry data/features/page-transition-events.js
1822 silly gunzTarPerm modified mode [ 'data/features/page-transition-events.js', 420, 438 ]
1823 silly gunzTarPerm extractEntry data/features/pagevisibility.js
1824 silly gunzTarPerm modified mode [ 'data/features/pagevisibility.js', 420, 438 ]
1825 silly gunzTarPerm extractEntry data/features/passive-event-listener.js
1826 silly gunzTarPerm modified mode [ 'data/features/passive-event-listener.js', 420, 438 ]
1827 silly gunzTarPerm extractEntry data/features/passkeys.js
1828 silly gunzTarPerm modified mode [ 'data/features/passkeys.js', 420, 438 ]
1829 silly gunzTarPerm extractEntry data/features/passwordrules.js
1830 silly gunzTarPerm modified mode [ 'data/features/passwordrules.js', 420, 438 ]
1831 silly gunzTarPerm extractEntry data/features/path2d.js
1832 silly gunzTarPerm modified mode [ 'data/features/path2d.js', 420, 438 ]
1833 silly gunzTarPerm extractEntry data/features/payment-request.js
1834 silly gunzTarPerm modified mode [ 'data/features/payment-request.js', 420, 438 ]
1835 silly gunzTarPerm extractEntry data/features/pdf-viewer.js
1836 silly gunzTarPerm modified mode [ 'data/features/pdf-viewer.js', 420, 438 ]
1837 silly gunzTarPerm extractEntry data/regions/PE.js
1838 silly gunzTarPerm modified mode [ 'data/regions/PE.js', 420, 438 ]
1839 silly gunzTarPerm extractEntry data/features/permissions-api.js
1840 silly gunzTarPerm modified mode [ 'data/features/permissions-api.js', 420, 438 ]
1841 silly gunzTarPerm extractEntry data/features/permissions-policy.js
1842 silly gunzTarPerm modified mode [ 'data/features/permissions-policy.js', 420, 438 ]
1843 silly gunzTarPerm extractEntry data/regions/PF.js
1844 silly gunzTarPerm modified mode [ 'data/regions/PF.js', 420, 438 ]
1845 silly gunzTarPerm extractEntry data/regions/PG.js
1846 silly gunzTarPerm modified mode [ 'data/regions/PG.js', 420, 438 ]
1847 silly gunzTarPerm extractEntry data/regions/PH.js
1848 silly gunzTarPerm modified mode [ 'data/regions/PH.js', 420, 438 ]
1849 silly gunzTarPerm extractEntry data/features/picture-in-picture.js
1850 silly gunzTarPerm modified mode [ 'data/features/picture-in-picture.js', 420, 438 ]
1851 silly gunzTarPerm extractEntry data/features/picture.js
1852 silly gunzTarPerm modified mode [ 'data/features/picture.js', 420, 438 ]
1853 silly gunzTarPerm extractEntry data/features/ping.js
1854 silly gunzTarPerm modified mode [ 'data/features/ping.js', 420, 438 ]
1855 silly gunzTarPerm extractEntry data/regions/PK.js
1856 silly gunzTarPerm modified mode [ 'data/regions/PK.js', 420, 438 ]
1857 silly gunzTarPerm extractEntry data/regions/PL.js
1858 silly gunzTarPerm modified mode [ 'data/regions/PL.js', 420, 438 ]
1859 silly gunzTarPerm extractEntry data/regions/PM.js
1860 silly gunzTarPerm modified mode [ 'data/regions/PM.js', 420, 438 ]
1861 silly gunzTarPerm extractEntry data/regions/PN.js
1862 silly gunzTarPerm modified mode [ 'data/regions/PN.js', 420, 438 ]
1863 silly gunzTarPerm extractEntry data/features/png-alpha.js
1864 silly gunzTarPerm modified mode [ 'data/features/png-alpha.js', 420, 438 ]
1865 silly gunzTarPerm extractEntry data/features/pointer-events.js
1866 silly gunzTarPerm modified mode [ 'data/features/pointer-events.js', 420, 438 ]
1867 silly gunzTarPerm extractEntry data/features/pointer.js
1868 silly gunzTarPerm modified mode [ 'data/features/pointer.js', 420, 438 ]
1869 silly gunzTarPerm extractEntry data/features/pointerlock.js
1870 silly gunzTarPerm modified mode [ 'data/features/pointerlock.js', 420, 438 ]
1871 silly gunzTarPerm extractEntry data/features/portals.js
1872 silly gunzTarPerm modified mode [ 'data/features/portals.js', 420, 438 ]
1873 silly gunzTarPerm extractEntry data/regions/PR.js
1874 silly gunzTarPerm modified mode [ 'data/regions/PR.js', 420, 438 ]
1875 silly gunzTarPerm extractEntry data/features/prefers-color-scheme.js
1876 silly gunzTarPerm modified mode [ 'data/features/prefers-color-scheme.js', 420, 438 ]
1877 silly gunzTarPerm extractEntry data/features/prefers-reduced-motion.js
1878 silly gunzTarPerm modified mode [ 'data/features/prefers-reduced-motion.js', 420, 438 ]
1879 silly gunzTarPerm extractEntry data/features/progress.js
1880 silly gunzTarPerm modified mode [ 'data/features/progress.js', 420, 438 ]
1881 silly gunzTarPerm extractEntry data/features/promise-finally.js
1882 silly gunzTarPerm modified mode [ 'data/features/promise-finally.js', 420, 438 ]
1883 silly gunzTarPerm extractEntry data/features/promises.js
1884 silly gunzTarPerm modified mode [ 'data/features/promises.js', 420, 438 ]
1885 silly gunzTarPerm extractEntry data/features/proximity.js
1886 silly gunzTarPerm modified mode [ 'data/features/proximity.js', 420, 438 ]
1887 silly gunzTarPerm extractEntry data/features/proxy.js
1888 silly gunzTarPerm modified mode [ 'data/features/proxy.js', 420, 438 ]
1889 silly gunzTarPerm extractEntry data/regions/PS.js
1890 silly gunzTarPerm modified mode [ 'data/regions/PS.js', 420, 438 ]
1891 silly gunzTarPerm extractEntry data/regions/PT.js
1892 silly gunzTarPerm modified mode [ 'data/regions/PT.js', 420, 438 ]
1893 silly gunzTarPerm extractEntry data/features/publickeypinning.js
1894 silly gunzTarPerm modified mode [ 'data/features/publickeypinning.js', 420, 438 ]
1895 silly gunzTarPerm extractEntry data/features/push-api.js
1896 silly gunzTarPerm modified mode [ 'data/features/push-api.js', 420, 438 ]
1897 silly gunzTarPerm extractEntry data/regions/PW.js
1898 silly gunzTarPerm modified mode [ 'data/regions/PW.js', 420, 438 ]
1899 silly gunzTarPerm extractEntry data/regions/PY.js
1900 silly gunzTarPerm modified mode [ 'data/regions/PY.js', 420, 438 ]
1901 silly gunzTarPerm extractEntry data/regions/QA.js
1902 silly gunzTarPerm modified mode [ 'data/regions/QA.js', 420, 438 ]
1903 silly gunzTarPerm extractEntry data/features/queryselector.js
1904 silly gunzTarPerm modified mode [ 'data/features/queryselector.js', 420, 438 ]
1905 silly gunzTarPerm extractEntry data/regions/RE.js
1906 silly gunzTarPerm modified mode [ 'data/regions/RE.js', 420, 438 ]
1907 silly gunzTarPerm extractEntry data/features/readonly-attr.js
1908 silly gunzTarPerm modified mode [ 'data/features/readonly-attr.js', 420, 438 ]
1909 silly gunzTarPerm extractEntry data/features/referrer-policy.js
1910 silly gunzTarPerm modified mode [ 'data/features/referrer-policy.js', 420, 438 ]
1911 silly gunzTarPerm extractEntry dist/unpacker/region.js
1912 silly gunzTarPerm modified mode [ 'dist/unpacker/region.js', 420, 438 ]
1913 silly gunzTarPerm extractEntry data/features/registerprotocolhandler.js
1914 silly gunzTarPerm modified mode [ 'data/features/registerprotocolhandler.js', 420, 438 ]
1915 silly gunzTarPerm extractEntry data/features/rel-noopener.js
1916 silly gunzTarPerm modified mode [ 'data/features/rel-noopener.js', 420, 438 ]
1917 silly gunzTarPerm extractEntry data/features/rel-noreferrer.js
1918 silly gunzTarPerm modified mode [ 'data/features/rel-noreferrer.js', 420, 438 ]
1919 silly gunzTarPerm extractEntry data/features/rellist.js
1920 silly gunzTarPerm modified mode [ 'data/features/rellist.js', 420, 438 ]
1921 silly gunzTarPerm extractEntry data/features/rem.js
1922 silly gunzTarPerm modified mode [ 'data/features/rem.js', 420, 438 ]
1923 silly gunzTarPerm extractEntry data/features/requestanimationframe.js
1924 silly gunzTarPerm modified mode [ 'data/features/requestanimationframe.js', 420, 438 ]
1925 silly gunzTarPerm extractEntry data/features/requestidlecallback.js
1926 silly gunzTarPerm modified mode [ 'data/features/requestidlecallback.js', 420, 438 ]
1927 silly gunzTarPerm extractEntry data/features/resizeobserver.js
1928 silly gunzTarPerm modified mode [ 'data/features/resizeobserver.js', 420, 438 ]
1929 silly gunzTarPerm extractEntry data/features/resource-timing.js
1930 silly gunzTarPerm modified mode [ 'data/features/resource-timing.js', 420, 438 ]
1931 silly gunzTarPerm extractEntry data/features/rest-parameters.js
1932 silly gunzTarPerm modified mode [ 'data/features/rest-parameters.js', 420, 438 ]
1933 silly gunzTarPerm extractEntry data/regions/RO.js
1934 silly gunzTarPerm modified mode [ 'data/regions/RO.js', 420, 438 ]
1935 silly gunzTarPerm extractEntry data/regions/RS.js
1936 silly gunzTarPerm modified mode [ 'data/regions/RS.js', 420, 438 ]
1937 silly gunzTarPerm extractEntry data/features/rtcpeerconnection.js
1938 silly gunzTarPerm modified mode [ 'data/features/rtcpeerconnection.js', 420, 438 ]
1939 silly gunzTarPerm extractEntry data/regions/RU.js
1940 silly gunzTarPerm modified mode [ 'data/regions/RU.js', 420, 438 ]
1941 silly gunzTarPerm extractEntry data/features/ruby.js
1942 silly gunzTarPerm modified mode [ 'data/features/ruby.js', 420, 438 ]
1943 silly gunzTarPerm extractEntry data/features/run-in.js
1944 silly gunzTarPerm modified mode [ 'data/features/run-in.js', 420, 438 ]
1945 silly gunzTarPerm extractEntry data/regions/RW.js
1946 silly gunzTarPerm modified mode [ 'data/regions/RW.js', 420, 438 ]
1947 silly gunzTarPerm extractEntry data/regions/SA.js
1948 silly gunzTarPerm modified mode [ 'data/regions/SA.js', 420, 438 ]
1949 silly gunzTarPerm extractEntry data/features/same-site-cookie-attribute.js
1950 silly gunzTarPerm modified mode [ 'data/features/same-site-cookie-attribute.js', 420, 438 ]
1951 silly gunzTarPerm extractEntry data/regions/SB.js
1952 silly gunzTarPerm modified mode [ 'data/regions/SB.js', 420, 438 ]
1953 silly gunzTarPerm extractEntry data/regions/SC.js
1954 silly gunzTarPerm modified mode [ 'data/regions/SC.js', 420, 438 ]
1955 silly gunzTarPerm extractEntry data/features/screen-orientation.js
1956 silly gunzTarPerm modified mode [ 'data/features/screen-orientation.js', 420, 438 ]
1957 silly gunzTarPerm extractEntry data/features/script-async.js
1958 silly gunzTarPerm modified mode [ 'data/features/script-async.js', 420, 438 ]
1959 silly gunzTarPerm extractEntry data/features/script-defer.js
1960 silly gunzTarPerm modified mode [ 'data/features/script-defer.js', 420, 438 ]
1961 silly gunzTarPerm extractEntry data/features/scrollintoview.js
1962 silly gunzTarPerm modified mode [ 'data/features/scrollintoview.js', 420, 438 ]
1963 silly gunzTarPerm extractEntry data/features/scrollintoviewifneeded.js
1964 silly gunzTarPerm modified mode [ 'data/features/scrollintoviewifneeded.js', 420, 438 ]
1965 silly gunzTarPerm extractEntry data/regions/SD.js
1966 silly gunzTarPerm modified mode [ 'data/regions/SD.js', 420, 438 ]
1967 silly gunzTarPerm extractEntry data/features/sdch.js
1968 silly gunzTarPerm modified mode [ 'data/features/sdch.js', 420, 438 ]
1969 silly gunzTarPerm extractEntry data/regions/SE.js
1970 silly gunzTarPerm modified mode [ 'data/regions/SE.js', 420, 438 ]
1971 silly gunzTarPerm extractEntry data/features/selection-api.js
1972 silly gunzTarPerm modified mode [ 'data/features/selection-api.js', 420, 438 ]
1973 silly gunzTarPerm extractEntry data/features/server-timing.js
1974 silly gunzTarPerm modified mode [ 'data/features/server-timing.js', 420, 438 ]
1975 silly gunzTarPerm extractEntry data/features/serviceworkers.js
1976 silly gunzTarPerm modified mode [ 'data/features/serviceworkers.js', 420, 438 ]
1977 silly gunzTarPerm extractEntry data/features/setimmediate.js
1978 silly gunzTarPerm modified mode [ 'data/features/setimmediate.js', 420, 438 ]
1979 silly gunzTarPerm extractEntry data/regions/SG.js
1980 silly gunzTarPerm modified mode [ 'data/regions/SG.js', 420, 438 ]
1981 silly gunzTarPerm extractEntry data/regions/SH.js
1982 silly gunzTarPerm modified mode [ 'data/regions/SH.js', 420, 438 ]
1983 silly gunzTarPerm extractEntry data/features/shadowdom.js
1984 silly gunzTarPerm modified mode [ 'data/features/shadowdom.js', 420, 438 ]
1985 silly gunzTarPerm extractEntry data/features/shadowdomv1.js
1986 silly gunzTarPerm modified mode [ 'data/features/shadowdomv1.js', 420, 438 ]
1987 silly gunzTarPerm extractEntry data/features/sharedarraybuffer.js
1988 silly gunzTarPerm modified mode [ 'data/features/sharedarraybuffer.js', 420, 438 ]
1989 silly gunzTarPerm extractEntry data/features/sharedworkers.js
1990 silly gunzTarPerm modified mode [ 'data/features/sharedworkers.js', 420, 438 ]
1991 silly gunzTarPerm extractEntry data/regions/SI.js
1992 silly gunzTarPerm modified mode [ 'data/regions/SI.js', 420, 438 ]
1993 silly gunzTarPerm extractEntry data/regions/SK.js
1994 silly gunzTarPerm modified mode [ 'data/regions/SK.js', 420, 438 ]
1995 silly gunzTarPerm extractEntry data/regions/SL.js
1996 silly gunzTarPerm modified mode [ 'data/regions/SL.js', 420, 438 ]
1997 silly gunzTarPerm extractEntry data/regions/SM.js
1998 silly gunzTarPerm modified mode [ 'data/regions/SM.js', 420, 438 ]
1999 silly gunzTarPerm extractEntry data/regions/SN.js
2000 silly gunzTarPerm modified mode [ 'data/regions/SN.js', 420, 438 ]
2001 silly gunzTarPerm extractEntry data/features/sni.js
2002 silly gunzTarPerm modified mode [ 'data/features/sni.js', 420, 438 ]
2003 silly gunzTarPerm extractEntry data/regions/SO.js
2004 silly gunzTarPerm modified mode [ 'data/regions/SO.js', 420, 438 ]
2005 silly gunzTarPerm extractEntry data/features/spdy.js
2006 silly gunzTarPerm modified mode [ 'data/features/spdy.js', 420, 438 ]
2007 silly gunzTarPerm extractEntry data/features/speech-recognition.js
2008 silly gunzTarPerm modified mode [ 'data/features/speech-recognition.js', 420, 438 ]
2009 silly gunzTarPerm extractEntry data/features/speech-synthesis.js
2010 silly gunzTarPerm modified mode [ 'data/features/speech-synthesis.js', 420, 438 ]
2011 silly gunzTarPerm extractEntry data/features/spellcheck-attribute.js
2012 silly gunzTarPerm modified mode [ 'data/features/spellcheck-attribute.js', 420, 438 ]
2013 silly gunzTarPerm extractEntry data/features/sql-storage.js
2014 silly gunzTarPerm modified mode [ 'data/features/sql-storage.js', 420, 438 ]
2015 silly gunzTarPerm extractEntry data/regions/SR.js
2016 silly gunzTarPerm modified mode [ 'data/regions/SR.js', 420, 438 ]
2017 silly gunzTarPerm extractEntry data/features/srcset.js
2018 silly gunzTarPerm modified mode [ 'data/features/srcset.js', 420, 438 ]
2019 silly gunzTarPerm extractEntry data/regions/ST.js
2020 silly gunzTarPerm modified mode [ 'data/regions/ST.js', 420, 438 ]
2021 silly gunzTarPerm extractEntry dist/lib/statuses.js
2022 silly gunzTarPerm modified mode [ 'dist/lib/statuses.js', 420, 438 ]
2023 silly gunzTarPerm extractEntry data/features/stream.js
2024 silly gunzTarPerm modified mode [ 'data/features/stream.js', 420, 438 ]
2025 silly gunzTarPerm extractEntry data/features/streams.js
2026 silly gunzTarPerm modified mode [ 'data/features/streams.js', 420, 438 ]
2027 silly gunzTarPerm extractEntry data/features/stricttransportsecurity.js
2028 silly gunzTarPerm modified mode [ 'data/features/stricttransportsecurity.js', 420, 438 ]
2029 silly gunzTarPerm extractEntry data/features/style-scoped.js
2030 silly gunzTarPerm modified mode [ 'data/features/style-scoped.js', 420, 438 ]
2031 silly gunzTarPerm extractEntry data/features/subresource-bundling.js
2032 silly gunzTarPerm modified mode [ 'data/features/subresource-bundling.js', 420, 438 ]
2033 silly gunzTarPerm extractEntry data/features/subresource-integrity.js
2034 silly gunzTarPerm modified mode [ 'data/features/subresource-integrity.js', 420, 438 ]
2035 silly gunzTarPerm extractEntry dist/lib/supported.js
2036 silly gunzTarPerm modified mode [ 'dist/lib/supported.js', 420, 438 ]
2037 silly gunzTarPerm extractEntry data/regions/SV.js
2038 silly gunzTarPerm modified mode [ 'data/regions/SV.js', 420, 438 ]
2039 silly gunzTarPerm extractEntry data/features/svg-css.js
2040 silly gunzTarPerm modified mode [ 'data/features/svg-css.js', 420, 438 ]
2041 silly gunzTarPerm extractEntry data/features/svg-filters.js
2042 silly gunzTarPerm modified mode [ 'data/features/svg-filters.js', 420, 438 ]
2043 silly gunzTarPerm extractEntry data/features/svg-fonts.js
2044 silly gunzTarPerm modified mode [ 'data/features/svg-fonts.js', 420, 438 ]
2045 silly gunzTarPerm extractEntry data/features/svg-fragment.js
2046 silly gunzTarPerm modified mode [ 'data/features/svg-fragment.js', 420, 438 ]
2047 silly gunzTarPerm extractEntry data/features/svg-html.js
2048 silly gunzTarPerm modified mode [ 'data/features/svg-html.js', 420, 438 ]
2049 silly gunzTarPerm extractEntry data/features/svg-html5.js
2050 silly gunzTarPerm modified mode [ 'data/features/svg-html5.js', 420, 438 ]
2051 silly gunzTarPerm extractEntry data/features/svg-img.js
2052 silly gunzTarPerm modified mode [ 'data/features/svg-img.js', 420, 438 ]
2053 silly gunzTarPerm extractEntry data/features/svg-smil.js
2054 silly gunzTarPerm modified mode [ 'data/features/svg-smil.js', 420, 438 ]
2055 silly gunzTarPerm extractEntry data/features/svg.js
2056 silly gunzTarPerm modified mode [ 'data/features/svg.js', 420, 438 ]
2057 silly gunzTarPerm extractEntry data/features/sxg.js
2058 silly gunzTarPerm modified mode [ 'data/features/sxg.js', 420, 438 ]
2059 silly gunzTarPerm extractEntry data/regions/SY.js
2060 silly gunzTarPerm modified mode [ 'data/regions/SY.js', 420, 438 ]
2061 silly gunzTarPerm extractEntry data/regions/SZ.js
2062 silly gunzTarPerm modified mode [ 'data/regions/SZ.js', 420, 438 ]
2063 silly gunzTarPerm extractEntry data/features/tabindex-attr.js
2064 silly gunzTarPerm modified mode [ 'data/features/tabindex-attr.js', 420, 438 ]
2065 silly gunzTarPerm extractEntry data/regions/TC.js
2066 silly gunzTarPerm modified mode [ 'data/regions/TC.js', 420, 438 ]
2067 silly gunzTarPerm extractEntry data/regions/TD.js
2068 silly gunzTarPerm modified mode [ 'data/regions/TD.js', 420, 438 ]
2069 silly gunzTarPerm extractEntry data/features/template-literals.js
2070 silly gunzTarPerm modified mode [ 'data/features/template-literals.js', 420, 438 ]
2071 silly gunzTarPerm extractEntry data/features/template.js
2072 silly gunzTarPerm modified mode [ 'data/features/template.js', 420, 438 ]
2073 silly gunzTarPerm extractEntry data/features/temporal.js
2074 silly gunzTarPerm modified mode [ 'data/features/temporal.js', 420, 438 ]
2075 silly gunzTarPerm extractEntry data/features/testfeat.js
2076 silly gunzTarPerm modified mode [ 'data/features/testfeat.js', 420, 438 ]
2077 silly gunzTarPerm extractEntry data/features/text-decoration.js
2078 silly gunzTarPerm modified mode [ 'data/features/text-decoration.js', 420, 438 ]
2079 silly gunzTarPerm extractEntry data/features/text-emphasis.js
2080 silly gunzTarPerm modified mode [ 'data/features/text-emphasis.js', 420, 438 ]
2081 silly gunzTarPerm extractEntry data/features/text-overflow.js
2082 silly gunzTarPerm modified mode [ 'data/features/text-overflow.js', 420, 438 ]
2083 silly gunzTarPerm extractEntry data/features/text-size-adjust.js
2084 silly gunzTarPerm modified mode [ 'data/features/text-size-adjust.js', 420, 438 ]
2085 silly gunzTarPerm extractEntry data/features/text-stroke.js
2086 silly gunzTarPerm modified mode [ 'data/features/text-stroke.js', 420, 438 ]
2087 silly gunzTarPerm extractEntry data/features/textcontent.js
2088 silly gunzTarPerm modified mode [ 'data/features/textcontent.js', 420, 438 ]
2089 silly gunzTarPerm extractEntry data/features/textencoder.js
2090 silly gunzTarPerm modified mode [ 'data/features/textencoder.js', 420, 438 ]
2091 silly gunzTarPerm extractEntry data/regions/TG.js
2092 silly gunzTarPerm modified mode [ 'data/regions/TG.js', 420, 438 ]
2093 silly gunzTarPerm extractEntry data/regions/TH.js
2094 silly gunzTarPerm modified mode [ 'data/regions/TH.js', 420, 438 ]
2095 silly gunzTarPerm extractEntry data/regions/TJ.js
2096 silly gunzTarPerm modified mode [ 'data/regions/TJ.js', 420, 438 ]
2097 silly gunzTarPerm extractEntry data/regions/TL.js
2098 silly gunzTarPerm modified mode [ 'data/regions/TL.js', 420, 438 ]
2099 silly gunzTarPerm extractEntry data/features/tls1-1.js
2100 silly gunzTarPerm modified mode [ 'data/features/tls1-1.js', 420, 438 ]
2101 silly gunzTarPerm extractEntry data/features/tls1-2.js
2102 silly gunzTarPerm modified mode [ 'data/features/tls1-2.js', 420, 438 ]
2103 silly gunzTarPerm extractEntry data/features/tls1-3.js
2104 silly gunzTarPerm modified mode [ 'data/features/tls1-3.js', 420, 438 ]
2105 silly gunzTarPerm extractEntry data/regions/TM.js
2106 silly gunzTarPerm modified mode [ 'data/regions/TM.js', 420, 438 ]
2107 silly gunzTarPerm extractEntry data/regions/TN.js
2108 silly gunzTarPerm modified mode [ 'data/regions/TN.js', 420, 438 ]
2109 silly gunzTarPerm extractEntry data/regions/TO.js
2110 silly gunzTarPerm modified mode [ 'data/regions/TO.js', 420, 438 ]
2111 silly gunzTarPerm extractEntry data/features/touch.js
2112 silly gunzTarPerm modified mode [ 'data/features/touch.js', 420, 438 ]
2113 silly gunzTarPerm extractEntry data/regions/TR.js
2114 silly gunzTarPerm modified mode [ 'data/regions/TR.js', 420, 438 ]
2115 silly gunzTarPerm extractEntry data/features/transforms2d.js
2116 silly gunzTarPerm modified mode [ 'data/features/transforms2d.js', 420, 438 ]
2117 silly gunzTarPerm extractEntry data/features/transforms3d.js
2118 silly gunzTarPerm modified mode [ 'data/features/transforms3d.js', 420, 438 ]
2119 silly gunzTarPerm extractEntry data/features/trusted-types.js
2120 silly gunzTarPerm modified mode [ 'data/features/trusted-types.js', 420, 438 ]
2121 silly gunzTarPerm extractEntry data/regions/TT.js
2122 silly gunzTarPerm modified mode [ 'data/regions/TT.js', 420, 438 ]
2123 silly gunzTarPerm extractEntry data/features/ttf.js
2124 silly gunzTarPerm modified mode [ 'data/features/ttf.js', 420, 438 ]
2125 silly gunzTarPerm extractEntry data/regions/TV.js
2126 silly gunzTarPerm modified mode [ 'data/regions/TV.js', 420, 438 ]
2127 silly gunzTarPerm extractEntry data/regions/TW.js
2128 silly gunzTarPerm modified mode [ 'data/regions/TW.js', 420, 438 ]
2129 silly gunzTarPerm extractEntry data/features/typedarrays.js
2130 silly gunzTarPerm modified mode [ 'data/features/typedarrays.js', 420, 438 ]
2131 silly gunzTarPerm extractEntry data/regions/TZ.js
2132 silly gunzTarPerm modified mode [ 'data/regions/TZ.js', 420, 438 ]
2133 silly gunzTarPerm extractEntry data/features/u2f.js
2134 silly gunzTarPerm modified mode [ 'data/features/u2f.js', 420, 438 ]
2135 silly gunzTarPerm extractEntry data/regions/UA.js
2136 silly gunzTarPerm modified mode [ 'data/regions/UA.js', 420, 438 ]
2137 silly gunzTarPerm extractEntry data/regions/UG.js
2138 silly gunzTarPerm modified mode [ 'data/regions/UG.js', 420, 438 ]
2139 silly gunzTarPerm extractEntry data/features/unhandledrejection.js
2140 silly gunzTarPerm modified mode [ 'data/features/unhandledrejection.js', 420, 438 ]
2141 silly gunzTarPerm extractEntry data/features/upgradeinsecurerequests.js
2142 silly gunzTarPerm modified mode [ 'data/features/upgradeinsecurerequests.js', 420, 438 ]
2143 silly gunzTarPerm extractEntry data/features/url-scroll-to-text-fragment.js
2144 silly gunzTarPerm modified mode [ 'data/features/url-scroll-to-text-fragment.js', 420, 438 ]
2145 silly gunzTarPerm extractEntry data/features/url.js
2146 silly gunzTarPerm modified mode [ 'data/features/url.js', 420, 438 ]
2147 silly gunzTarPerm extractEntry data/features/urlsearchparams.js
2148 silly gunzTarPerm modified mode [ 'data/features/urlsearchparams.js', 420, 438 ]
2149 silly gunzTarPerm extractEntry data/regions/US.js
2150 silly gunzTarPerm modified mode [ 'data/regions/US.js', 420, 438 ]
2151 silly gunzTarPerm extractEntry data/features/use-strict.js
2152 silly gunzTarPerm modified mode [ 'data/features/use-strict.js', 420, 438 ]
2153 silly gunzTarPerm extractEntry data/features/user-select-none.js
2154 silly gunzTarPerm modified mode [ 'data/features/user-select-none.js', 420, 438 ]
2155 silly gunzTarPerm extractEntry data/features/user-timing.js
2156 silly gunzTarPerm modified mode [ 'data/features/user-timing.js', 420, 438 ]
2157 silly gunzTarPerm extractEntry data/regions/UY.js
2158 silly gunzTarPerm modified mode [ 'data/regions/UY.js', 420, 438 ]
2159 silly gunzTarPerm extractEntry data/regions/UZ.js
2160 silly gunzTarPerm modified mode [ 'data/regions/UZ.js', 420, 438 ]
2161 silly gunzTarPerm extractEntry data/regions/VA.js
2162 silly gunzTarPerm modified mode [ 'data/regions/VA.js', 420, 438 ]
2163 silly gunzTarPerm extractEntry data/features/variable-fonts.js
2164 silly gunzTarPerm modified mode [ 'data/features/variable-fonts.js', 420, 438 ]
2165 silly gunzTarPerm extractEntry data/regions/VC.js
2166 silly gunzTarPerm modified mode [ 'data/regions/VC.js', 420, 438 ]
2167 silly gunzTarPerm extractEntry data/regions/VE.js
2168 silly gunzTarPerm modified mode [ 'data/regions/VE.js', 420, 438 ]
2169 silly gunzTarPerm extractEntry data/features/vector-effect.js
2170 silly gunzTarPerm modified mode [ 'data/features/vector-effect.js', 420, 438 ]
2171 silly gunzTarPerm extractEntry data/versionGroups.js
2172 silly gunzTarPerm modified mode [ 'data/versionGroups.js', 420, 438 ]
2173 silly gunzTarPerm extractEntry dist/unpacker/versionGroups.js
2174 silly gunzTarPerm modified mode [ 'dist/unpacker/versionGroups.js', 420, 438 ]
2175 silly gunzTarPerm extractEntry data/regions/VG.js
2176 silly gunzTarPerm modified mode [ 'data/regions/VG.js', 420, 438 ]
2177 silly gunzTarPerm extractEntry data/regions/VI.js
2178 silly gunzTarPerm modified mode [ 'data/regions/VI.js', 420, 438 ]
2179 silly gunzTarPerm extractEntry data/features/vibration.js
2180 silly gunzTarPerm modified mode [ 'data/features/vibration.js', 420, 438 ]
2181 silly gunzTarPerm extractEntry data/features/video.js
2182 silly gunzTarPerm modified mode [ 'data/features/video.js', 420, 438 ]
2183 silly gunzTarPerm extractEntry data/features/videotracks.js
2184 silly gunzTarPerm modified mode [ 'data/features/videotracks.js', 420, 438 ]
2185 silly gunzTarPerm extractEntry data/features/view-transitions.js
2186 silly gunzTarPerm modified mode [ 'data/features/view-transitions.js', 420, 438 ]
2187 silly gunzTarPerm extractEntry data/features/viewport-unit-variants.js
2188 silly gunzTarPerm modified mode [ 'data/features/viewport-unit-variants.js', 420, 438 ]
2189 silly gunzTarPerm extractEntry data/features/viewport-units.js
2190 silly gunzTarPerm modified mode [ 'data/features/viewport-units.js', 420, 438 ]
2191 silly gunzTarPerm extractEntry data/regions/VN.js
2192 silly gunzTarPerm modified mode [ 'data/regions/VN.js', 420, 438 ]
2193 silly gunzTarPerm extractEntry data/regions/VU.js
2194 silly gunzTarPerm modified mode [ 'data/regions/VU.js', 420, 438 ]
2195 silly gunzTarPerm extractEntry data/features/wai-aria.js
2196 silly gunzTarPerm modified mode [ 'data/features/wai-aria.js', 420, 438 ]
2197 silly gunzTarPerm extractEntry data/features/wake-lock.js
2198 silly gunzTarPerm modified mode [ 'data/features/wake-lock.js', 420, 438 ]
2199 silly gunzTarPerm extractEntry data/features/wasm-bigint.js
2200 silly gunzTarPerm modified mode [ 'data/features/wasm-bigint.js', 420, 438 ]
2201 silly gunzTarPerm extractEntry data/features/wasm-bulk-memory.js
2202 silly gunzTarPerm modified mode [ 'data/features/wasm-bulk-memory.js', 420, 438 ]
2203 silly gunzTarPerm extractEntry data/features/wasm-extended-const.js
2204 silly gunzTarPerm modified mode [ 'data/features/wasm-extended-const.js', 420, 438 ]
2205 silly gunzTarPerm extractEntry data/features/wasm-gc.js
2206 silly gunzTarPerm modified mode [ 'data/features/wasm-gc.js', 420, 438 ]
2207 silly gunzTarPerm extractEntry data/features/wasm-multi-memory.js
2208 silly gunzTarPerm modified mode [ 'data/features/wasm-multi-memory.js', 420, 438 ]
2209 silly gunzTarPerm extractEntry data/features/wasm-multi-value.js
2210 silly gunzTarPerm modified mode [ 'data/features/wasm-multi-value.js', 420, 438 ]
2211 silly gunzTarPerm extractEntry data/features/wasm-mutable-globals.js
2212 silly gunzTarPerm modified mode [ 'data/features/wasm-mutable-globals.js', 420, 438 ]
2213 silly gunzTarPerm extractEntry data/features/wasm-nontrapping-fptoint.js
2214 silly gunzTarPerm modified mode [ 'data/features/wasm-nontrapping-fptoint.js', 420, 438 ]
2215 silly gunzTarPerm extractEntry data/features/wasm-reference-types.js
2216 silly gunzTarPerm modified mode [ 'data/features/wasm-reference-types.js', 420, 438 ]
2217 silly gunzTarPerm extractEntry data/features/wasm-relaxed-simd.js
2218 silly gunzTarPerm modified mode [ 'data/features/wasm-relaxed-simd.js', 420, 438 ]
2219 silly gunzTarPerm extractEntry data/features/wasm-signext.js
2220 silly gunzTarPerm modified mode [ 'data/features/wasm-signext.js', 420, 438 ]
2221 silly gunzTarPerm extractEntry data/features/wasm-simd.js
2222 silly gunzTarPerm modified mode [ 'data/features/wasm-simd.js', 420, 438 ]
2223 silly gunzTarPerm extractEntry data/features/wasm-tail-calls.js
2224 silly gunzTarPerm modified mode [ 'data/features/wasm-tail-calls.js', 420, 438 ]
2225 silly gunzTarPerm extractEntry data/features/wasm-threads.js
2226 silly gunzTarPerm modified mode [ 'data/features/wasm-threads.js', 420, 438 ]
2227 silly gunzTarPerm extractEntry data/features/wasm.js
2228 silly gunzTarPerm modified mode [ 'data/features/wasm.js', 420, 438 ]
2229 silly gunzTarPerm extractEntry data/features/wav.js
2230 silly gunzTarPerm modified mode [ 'data/features/wav.js', 420, 438 ]
2231 silly gunzTarPerm extractEntry data/features/wbr-element.js
2232 silly gunzTarPerm modified mode [ 'data/features/wbr-element.js', 420, 438 ]
2233 silly gunzTarPerm extractEntry data/features/web-animation.js
2234 silly gunzTarPerm modified mode [ 'data/features/web-animation.js', 420, 438 ]
2235 silly gunzTarPerm extractEntry data/features/web-app-manifest.js
2236 silly gunzTarPerm modified mode [ 'data/features/web-app-manifest.js', 420, 438 ]
2237 silly gunzTarPerm extractEntry data/features/web-bluetooth.js
2238 silly gunzTarPerm modified mode [ 'data/features/web-bluetooth.js', 420, 438 ]
2239 silly gunzTarPerm extractEntry data/features/web-serial.js
2240 silly gunzTarPerm modified mode [ 'data/features/web-serial.js', 420, 438 ]
2241 silly gunzTarPerm extractEntry data/features/web-share.js
2242 silly gunzTarPerm modified mode [ 'data/features/web-share.js', 420, 438 ]
2243 silly gunzTarPerm extractEntry data/features/webauthn.js
2244 silly gunzTarPerm modified mode [ 'data/features/webauthn.js', 420, 438 ]
2245 silly gunzTarPerm extractEntry data/features/webcodecs.js
2246 silly gunzTarPerm modified mode [ 'data/features/webcodecs.js', 420, 438 ]
2247 silly gunzTarPerm extractEntry data/features/webgl.js
2248 silly gunzTarPerm modified mode [ 'data/features/webgl.js', 420, 438 ]
2249 silly gunzTarPerm extractEntry data/features/webgl2.js
2250 silly gunzTarPerm modified mode [ 'data/features/webgl2.js', 420, 438 ]
2251 silly gunzTarPerm extractEntry data/features/webgpu.js
2252 silly gunzTarPerm modified mode [ 'data/features/webgpu.js', 420, 438 ]
2253 silly gunzTarPerm extractEntry data/features/webhid.js
2254 silly gunzTarPerm modified mode [ 'data/features/webhid.js', 420, 438 ]
2255 silly gunzTarPerm extractEntry data/features/webkit-user-drag.js
2256 silly gunzTarPerm modified mode [ 'data/features/webkit-user-drag.js', 420, 438 ]
2257 silly gunzTarPerm extractEntry data/features/webm.js
2258 silly gunzTarPerm modified mode [ 'data/features/webm.js', 420, 438 ]
2259 silly gunzTarPerm extractEntry data/features/webnfc.js
2260 silly gunzTarPerm modified mode [ 'data/features/webnfc.js', 420, 438 ]
2261 silly gunzTarPerm extractEntry data/features/webp.js
2262 silly gunzTarPerm modified mode [ 'data/features/webp.js', 420, 438 ]
2263 silly gunzTarPerm extractEntry data/features/websockets.js
2264 silly gunzTarPerm modified mode [ 'data/features/websockets.js', 420, 438 ]
2265 silly gunzTarPerm extractEntry data/features/webtransport.js
2266 silly gunzTarPerm modified mode [ 'data/features/webtransport.js', 420, 438 ]
2267 silly gunzTarPerm extractEntry data/features/webusb.js
2268 silly gunzTarPerm modified mode [ 'data/features/webusb.js', 420, 438 ]
2269 silly gunzTarPerm extractEntry data/features/webvr.js
2270 silly gunzTarPerm modified mode [ 'data/features/webvr.js', 420, 438 ]
2271 silly gunzTarPerm extractEntry data/features/webvtt.js
2272 silly gunzTarPerm modified mode [ 'data/features/webvtt.js', 420, 438 ]
2273 silly gunzTarPerm extractEntry data/features/webworkers.js
2274 silly gunzTarPerm modified mode [ 'data/features/webworkers.js', 420, 438 ]
2275 silly gunzTarPerm extractEntry data/features/webxr.js
2276 silly gunzTarPerm modified mode [ 'data/features/webxr.js', 420, 438 ]
2277 silly gunzTarPerm extractEntry data/regions/WF.js
2278 silly gunzTarPerm modified mode [ 'data/regions/WF.js', 420, 438 ]
2279 silly gunzTarPerm extractEntry data/features/will-change.js
2280 silly gunzTarPerm modified mode [ 'data/features/will-change.js', 420, 438 ]
2281 silly gunzTarPerm extractEntry data/features/woff.js
2282 silly gunzTarPerm modified mode [ 'data/features/woff.js', 420, 438 ]
2283 silly gunzTarPerm extractEntry data/features/woff2.js
2284 silly gunzTarPerm modified mode [ 'data/features/woff2.js', 420, 438 ]
2285 silly gunzTarPerm extractEntry data/features/word-break.js
2286 silly gunzTarPerm modified mode [ 'data/features/word-break.js', 420, 438 ]
2287 silly gunzTarPerm extractEntry data/features/wordwrap.js
2288 silly gunzTarPerm modified mode [ 'data/features/wordwrap.js', 420, 438 ]
2289 silly gunzTarPerm extractEntry data/regions/WS.js
2290 silly gunzTarPerm modified mode [ 'data/regions/WS.js', 420, 438 ]
2291 silly gunzTarPerm extractEntry data/features/x-doc-messaging.js
2292 silly gunzTarPerm modified mode [ 'data/features/x-doc-messaging.js', 420, 438 ]
2293 silly gunzTarPerm extractEntry data/features/x-frame-options.js
2294 silly gunzTarPerm modified mode [ 'data/features/x-frame-options.js', 420, 438 ]
2295 silly gunzTarPerm extractEntry data/features/xhr2.js
2296 silly gunzTarPerm modified mode [ 'data/features/xhr2.js', 420, 438 ]
2297 silly gunzTarPerm extractEntry data/features/xhtml.js
2298 silly gunzTarPerm modified mode [ 'data/features/xhtml.js', 420, 438 ]
2299 silly gunzTarPerm extractEntry data/features/xhtmlsmil.js
2300 silly gunzTarPerm modified mode [ 'data/features/xhtmlsmil.js', 420, 438 ]
2301 silly gunzTarPerm extractEntry data/features/xml-serializer.js
2302 silly gunzTarPerm modified mode [ 'data/features/xml-serializer.js', 420, 438 ]
2303 silly gunzTarPerm extractEntry data/regions/YE.js
2304 silly gunzTarPerm modified mode [ 'data/regions/YE.js', 420, 438 ]
2305 silly gunzTarPerm extractEntry data/regions/YT.js
2306 silly gunzTarPerm modified mode [ 'data/regions/YT.js', 420, 438 ]
2307 silly gunzTarPerm extractEntry data/regions/ZA.js
2308 silly gunzTarPerm modified mode [ 'data/regions/ZA.js', 420, 438 ]
2309 silly gunzTarPerm extractEntry data/regions/ZM.js
2310 silly gunzTarPerm modified mode [ 'data/regions/ZM.js', 420, 438 ]
2311 silly gunzTarPerm extractEntry data/features/zstd.js
2312 silly gunzTarPerm modified mode [ 'data/features/zstd.js', 420, 438 ]
2313 silly gunzTarPerm extractEntry data/regions/ZW.js
2314 silly gunzTarPerm modified mode [ 'data/regions/ZW.js', 420, 438 ]
2315 silly gunzTarPerm extractEntry package.json
2316 silly gunzTarPerm modified mode [ 'package.json', 420, 438 ]
2317 silly gunzTarPerm extractEntry README.md
2318 silly gunzTarPerm modified mode [ 'README.md', 420, 438 ]
2319 verbose write writing to D:\VS Code\Kantle's Portfolio\node_modules\caniuse-lite\package.json
2320 info preinstall caniuse-lite@1.0.30001806
2321 verbose readDependencies loading dependencies from D:\VS Code\Kantle's Portfolio\node_modules\caniuse-lite\package.json
2322 verbose readDependencies loading dependencies from D:\VS Code\Kantle's Portfolio\node_modules\caniuse-lite\package.json
2323 silly install resolved []
2324 verbose about to build D:\VS Code\Kantle's Portfolio\node_modules\caniuse-lite
2325 info build D:\VS Code\Kantle's Portfolio\node_modules\caniuse-lite
2326 info linkStuff caniuse-lite@1.0.30001806
2327 silly linkStuff caniuse-lite@1.0.30001806 has D:\VS Code\Kantle's Portfolio\node_modules as its parent node_modules
2328 verbose linkBins caniuse-lite@1.0.30001806
2329 verbose linkMans caniuse-lite@1.0.30001806
2330 verbose rebuildBundles caniuse-lite@1.0.30001806
2331 info install caniuse-lite@1.0.30001806
2332 info postinstall caniuse-lite@1.0.30001806
2333 verbose unlock done using C:\Users\ganes\AppData\Local\npm-cache\_locks\caniuse-lite-4ac3d584522bc42e.lock for D:\VS Code\Kantle's Portfolio\node_modules\caniuse-lite
2334 verbose validateInstall loading D:\VS Code\Kantle's Portfolio\package.json for validation
2335 verbose stack Error: The package vite@7.2.4 does not satisfy its siblings' peerDependencies requirements!
2335 verbose stack     at D:\VS Code\Kantle's Portfolio\node_modules\npm\lib\install.js:125:32
2335 verbose stack     at D:\VS Code\Kantle's Portfolio\node_modules\npm\lib\install.js:268:7
2335 verbose stack     at D:\VS Code\Kantle's Portfolio\node_modules\npm\node_modules\read-installed\read-installed.js:142:5
2335 verbose stack     at D:\VS Code\Kantle's Portfolio\node_modules\npm\node_modules\read-installed\read-installed.js:263:14
2335 verbose stack     at cb (D:\VS Code\Kantle's Portfolio\node_modules\npm\node_modules\slide\lib\async-map.js:47:24)
2335 verbose stack     at D:\VS Code\Kantle's Portfolio\node_modules\npm\node_modules\read-installed\read-installed.js:263:14
2335 verbose stack     at cb (D:\VS Code\Kantle's Portfolio\node_modules\npm\node_modules\slide\lib\async-map.js:47:24)
2335 verbose stack     at D:\VS Code\Kantle's Portfolio\node_modules\npm\node_modules\read-installed\read-installed.js:263:14
2335 verbose stack     at cb (D:\VS Code\Kantle's Portfolio\node_modules\npm\node_modules\slide\lib\async-map.js:47:24)
2335 verbose stack     at D:\VS Code\Kantle's Portfolio\node_modules\npm\node_modules\read-installed\read-installed.js:263:14
2336 verbose cwd D:\VS Code\Kantle's Portfolio
2337 error Windows_NT 10.0.26200
2338 error argv "C:\\Program Files\\nodejs\\node.exe" "D:\\VS Code\\Kantle's Portfolio\\node_modules\\npm\\bin\\npm-cli.js" "install" "caniuse-lite" "baseline-browser-mapping"
2339 error node v22.14.0
2340 error npm  v2.15.12
2341 error code EPEERINVALID
2342 error peerinvalid The package vite@7.2.4 does not satisfy its siblings' peerDependencies requirements!
2342 error peerinvalid Peer @vitejs/plugin-react@4.4.1 wants vite@^4.2.0 || ^5.0.0 || ^6.0.0
2342 error peerinvalid Peer @tailwindcss/vite@4.1.3 wants vite@^5.2.0 || ^6
2343 verbose exit [ 1, true ]
